Log ID,Timestamp,User ID,Source Port,Dest Port,Protocol,Packet Size,Payload Size,Anomaly Flag,Endpoint Classification
3314,2026-08-06 10:27:35,N/A,N/A,54406,TCP,520,0,CRITICAL ANOMALY,Local LAN / Gateway Environment
3300,2026-08-06 10:27:35,N/A,N/A,53092,TCP,440,0,CRITICAL ANOMALY,Local LAN / Gateway Environment
3292,2026-08-06 10:27:35,N/A,N/A,48246,TCP,452,0,CRITICAL ANOMALY,Local LAN / Gateway Environment
3086,2026-08-06 09:50:04,N/A,N/A,41158,TCP,341,0,CRITICAL ANOMALY,Local LAN / Gateway Environment
3081,2026-08-06 09:50:04,N/A,N/A,41160,TCP,300,0,CRITICAL ANOMALY,Local LAN / Gateway Environment
3079,2026-08-06 09:50:03,N/A,N/A,443,TCP,1283,0,CRITICAL ANOMALY,External Host (Unknown)
3075,2026-08-06 09:50:03,N/A,N/A,41158,TCP,300,0,CRITICAL ANOMALY,Local LAN / Gateway Environment
3073,2026-08-06 09:50:03,N/A,N/A,443,TCP,539,0,CRITICAL ANOMALY,External Host (Unknown)
3072,2026-08-06 09:50:03,N/A,N/A,443,TCP,1514,0,CRITICAL ANOMALY,External Host (Unknown)
3068,2026-08-06 09:50:03,N/A,N/A,443,TCP,635,0,CRITICAL ANOMALY,External Host (Unknown)
3067,2026-08-06 09:50:03,N/A,N/A,443,TCP,1514,0,CRITICAL ANOMALY,External Host (Unknown)
3057,2026-08-06 09:50:02,N/A,N/A,60761,UDP,279,0,CRITICAL ANOMALY,Local LAN / Gateway Environment
3025,2026-08-06 09:49:52,N/A,N/A,53326,UDP,1292,0,CRITICAL ANOMALY,Local LAN / Gateway Environment
3021,2026-08-06 09:49:52,N/A,N/A,443,UDP,1292,0,CRITICAL ANOMALY,External Host (Unknown)
3018,2026-08-06 09:49:52,N/A,N/A,53326,UDP,996,0,CRITICAL ANOMALY,Local LAN / Gateway Environment
3017,2026-08-06 09:49:52,N/A,N/A,53326,UDP,338,0,CRITICAL ANOMALY,Local LAN / Gateway Environment
3016,2026-08-06 09:49:52,N/A,N/A,53326,UDP,1292,0,CRITICAL ANOMALY,Local LAN / Gateway Environment
3015,2026-08-06 09:49:52,N/A,N/A,53326,UDP,1292,0,CRITICAL ANOMALY,Local LAN / Gateway Environment
3014,2026-08-06 09:49:52,N/A,N/A,443,UDP,1292,0,CRITICAL ANOMALY,External Host (Unknown)
3013,2026-08-06 09:49:52,N/A,N/A,53326,UDP,1292,0,CRITICAL ANOMALY,Local LAN / Gateway Environment
3012,2026-08-06 09:49:52,N/A,N/A,53326,UDP,1292,0,CRITICAL ANOMALY,Local LAN / Gateway Environment
3011,2026-08-06 09:49:52,N/A,N/A,53326,UDP,1292,0,CRITICAL ANOMALY,Local LAN / Gateway Environment
3010,2026-08-06 09:49:52,N/A,N/A,53326,UDP,1292,0,CRITICAL ANOMALY,Local LAN / Gateway Environment
3008,2026-08-06 09:49:52,N/A,N/A,53326,UDP,1292,0,CRITICAL ANOMALY,Local LAN / Gateway Environment
3006,2026-08-06 09:49:52,N/A,N/A,443,UDP,1292,0,CRITICAL ANOMALY,External Host (Unknown)
3005,2026-08-06 09:49:52,N/A,N/A,443,UDP,1292,0,CRITICAL ANOMALY,External Host (Unknown)
3004,2026-08-06 09:49:52,N/A,N/A,443,UDP,1292,0,CRITICAL ANOMALY,External Host (Unknown)
3003,2026-08-06 09:49:52,N/A,N/A,443,UDP,1292,0,CRITICAL ANOMALY,External Host (Unknown)
3001,2026-08-06 09:49:52,N/A,N/A,443,UDP,1099,0,CRITICAL ANOMALY,External Host (Unknown)
3000,2026-08-06 09:49:52,N/A,N/A,443,UDP,1292,0,CRITICAL ANOMALY,External Host (Unknown)
2999,2026-08-06 09:49:52,N/A,N/A,443,UDP,1288,0,CRITICAL ANOMALY,External Host (Unknown)
2997,2026-08-06 09:49:52,N/A,N/A,443,UDP,1292,0,CRITICAL ANOMALY,External Host (Unknown)
2996,2026-08-06 09:49:52,N/A,N/A,443,UDP,1292,0,CRITICAL ANOMALY,External Host (Unknown)
2987,2026-08-06 09:49:52,N/A,N/A,42866,UDP,1292,0,CRITICAL ANOMALY,Local LAN / Gateway Environment
2984,2026-08-06 09:49:52,N/A,N/A,443,UDP,1292,0,CRITICAL ANOMALY,External Host (Unknown)
2981,2026-08-06 09:49:52,N/A,N/A,42866,UDP,998,0,CRITICAL ANOMALY,Local LAN / Gateway Environment
2980,2026-08-06 09:49:52,N/A,N/A,42866,UDP,336,0,CRITICAL ANOMALY,Local LAN / Gateway Environment
2979,2026-08-06 09:49:52,N/A,N/A,42866,UDP,1292,0,CRITICAL ANOMALY,Local LAN / Gateway Environment
2978,2026-08-06 09:49:52,N/A,N/A,42866,UDP,1292,0,CRITICAL ANOMALY,Local LAN / Gateway Environment
2977,2026-08-06 09:49:52,N/A,N/A,443,UDP,1292,0,CRITICAL ANOMALY,External Host (Unknown)
2976,2026-08-06 09:49:52,N/A,N/A,42866,UDP,1292,0,CRITICAL ANOMALY,Local LAN / Gateway Environment
2975,2026-08-06 09:49:52,N/A,N/A,42866,UDP,1292,0,CRITICAL ANOMALY,Local LAN / Gateway Environment
2974,2026-08-06 09:49:52,N/A,N/A,42866,UDP,1292,0,CRITICAL ANOMALY,Local LAN / Gateway Environment
2973,2026-08-06 09:49:52,N/A,N/A,42866,UDP,1292,0,CRITICAL ANOMALY,Local LAN / Gateway Environment
2972,2026-08-06 09:49:52,N/A,N/A,42866,UDP,1292,0,CRITICAL ANOMALY,Local LAN / Gateway Environment
2970,2026-08-06 09:49:52,N/A,N/A,443,UDP,1292,0,CRITICAL ANOMALY,External Host (Unknown)
2969,2026-08-06 09:49:52,N/A,N/A,443,UDP,1292,0,CRITICAL ANOMALY,External Host (Unknown)
2968,2026-08-06 09:49:52,N/A,N/A,443,UDP,1292,0,CRITICAL ANOMALY,External Host (Unknown)
2967,2026-08-06 09:49:52,N/A,N/A,443,UDP,1292,0,CRITICAL ANOMALY,External Host (Unknown)
2965,2026-08-06 09:49:52,N/A,N/A,443,UDP,586,0,CRITICAL ANOMALY,External Host (Unknown)
2963,2026-08-06 09:49:52,N/A,N/A,443,UDP,1292,0,CRITICAL ANOMALY,External Host (Unknown)
2962,2026-08-06 09:49:52,N/A,N/A,443,UDP,1292,0,CRITICAL ANOMALY,External Host (Unknown)
2870,2026-08-06 09:49:45,N/A,N/A,445,TCP,74,0,CRITICAL ANOMALY,Local LAN / Gateway Environment
2773,2026-08-06 09:49:36,N/A,N/A,51384,UDP,317,0,CRITICAL ANOMALY,Local LAN / Gateway Environment
2593,2026-08-06 09:38:03,N/A,N/A,57568,TCP,520,0,CRITICAL ANOMALY,Local LAN / Gateway Environment
2571,2026-08-06 09:38:03,N/A,N/A,37794,TCP,440,0,CRITICAL ANOMALY,Local LAN / Gateway Environment
3348,2026-08-06 10:27:35,N/A,N/A,60994,TCP,82,0,CLEAN,Local LAN / Gateway Environment
3347,2026-08-06 10:27:35,N/A,N/A,137,UDP,92,0,CLEAN,Local LAN / Gateway Environment
3346,2026-08-06 10:27:35,N/A,N/A,0,IpNextHeaderProtocol(1),98,0,CLEAN,Local LAN / Gateway Environment
3345,2026-08-06 10:27:35,N/A,N/A,5555,TCP,74,0,CLEAN,Local LAN / Gateway Environment
3344,2026-08-06 10:27:35,N/A,N/A,57066,TCP,60,0,CLEAN,Local LAN / Gateway Environment
3343,2026-08-06 10:27:35,N/A,N/A,0,IpNextHeaderProtocol(1),98,0,CLEAN,Local LAN / Gateway Environment
3342,2026-08-06 10:27:35,N/A,N/A,5555,TCP,74,0,CLEAN,Local LAN / Gateway Environment
3341,2026-08-06 10:27:35,N/A,N/A,34638,TCP,54,0,CLEAN,Local LAN / Gateway Environment
3340,2026-08-06 10:27:35,N/A,N/A,0,IpNextHeaderProtocol(1),98,0,CLEAN,Local LAN / Gateway Environment
3339,2026-08-06 10:27:35,N/A,N/A,50314,TCP,54,0,CLEAN,Local LAN / Gateway Environment
3338,2026-08-06 10:27:35,N/A,N/A,445,TCP,74,0,CLEAN,Local LAN / Gateway Environment
3337,2026-08-06 10:27:35,N/A,N/A,445,TCP,74,0,CLEAN,Local LAN / Gateway Environment
3336,2026-08-06 10:27:35,N/A,N/A,60154,TCP,54,0,CLEAN,Local LAN / Gateway Environment
3335,2026-08-06 10:27:35,N/A,N/A,62078,TCP,74,0,CLEAN,Local LAN / Gateway Environment
3334,2026-08-06 10:27:35,N/A,N/A,55456,TCP,54,0,CLEAN,Local LAN / Gateway Environment
3333,2026-08-06 10:27:35,N/A,N/A,44488,TCP,60,0,CLEAN,Local LAN / Gateway Environment
3332,2026-08-06 10:27:35,N/A,N/A,45496,TCP,60,0,CLEAN,Local LAN / Gateway Environment
3331,2026-08-06 10:27:35,N/A,N/A,0,IpNextHeaderProtocol(1),120,0,CLEAN,Local LAN / Gateway Environment
3330,2026-08-06 10:27:35,N/A,N/A,22,TCP,54,0,CLEAN,Local LAN / Gateway Environment
3329,2026-08-06 10:27:35,N/A,N/A,54406,TCP,54,0,CLEAN,Local LAN / Gateway Environment
3328,2026-08-06 10:27:35,N/A,N/A,62078,TCP,74,0,CLEAN,Local LAN / Gateway Environment
3327,2026-08-06 10:27:35,N/A,N/A,135,TCP,74,0,CLEAN,Local LAN / Gateway Environment
3326,2026-08-06 10:27:35,N/A,N/A,137,UDP,92,0,CLEAN,Local LAN / Gateway Environment
3325,2026-08-06 10:27:35,N/A,N/A,5555,TCP,74,0,CLEAN,Local LAN / Gateway Environment
3324,2026-08-06 10:27:35,N/A,N/A,43644,TCP,54,0,CLEAN,Local LAN / Gateway Environment
3323,2026-08-06 10:27:35,N/A,N/A,39736,TCP,60,0,CLEAN,Local LAN / Gateway Environment
3322,2026-08-06 10:27:35,N/A,N/A,41928,TCP,54,0,CLEAN,Local LAN / Gateway Environment
3321,2026-08-06 10:27:35,N/A,N/A,0,IpNextHeaderProtocol(1),120,0,CLEAN,Local LAN / Gateway Environment
3320,2026-08-06 10:27:35,N/A,N/A,0,IpNextHeaderProtocol(1),98,0,CLEAN,Local LAN / Gateway Environment
3319,2026-08-06 10:27:35,N/A,N/A,0,IpNextHeaderProtocol(1),120,0,CLEAN,Local LAN / Gateway Environment
3318,2026-08-06 10:27:35,N/A,N/A,0,IpNextHeaderProtocol(1),98,0,CLEAN,Local LAN / Gateway Environment
3317,2026-08-06 10:27:35,N/A,N/A,137,UDP,92,0,CLEAN,Local LAN / Gateway Environment
3316,2026-08-06 10:27:35,N/A,N/A,0,IpNextHeaderProtocol(1),98,0,CLEAN,Local LAN / Gateway Environment
3315,2026-08-06 10:27:35,N/A,N/A,22,TCP,54,0,CLEAN,Local LAN / Gateway Environment
3313,2026-08-06 10:27:35,N/A,N/A,137,UDP,92,0,CLEAN,Local LAN / Gateway Environment
3312,2026-08-06 10:27:35,N/A,N/A,0,IpNextHeaderProtocol(1),120,0,CLEAN,Local LAN / Gateway Environment
3311,2026-08-06 10:27:35,N/A,N/A,0,IpNextHeaderProtocol(1),98,0,CLEAN,Local LAN / Gateway Environment
3310,2026-08-06 10:27:35,N/A,N/A,0,IpNextHeaderProtocol(1),98,0,CLEAN,Local LAN / Gateway Environment
3309,2026-08-06 10:27:35,N/A,N/A,5555,TCP,74,0,CLEAN,Local LAN / Gateway Environment
3308,2026-08-06 10:27:35,N/A,N/A,135,TCP,74,0,CLEAN,Local LAN / Gateway Environment
3307,2026-08-06 10:27:35,N/A,N/A,137,UDP,92,0,CLEAN,Local LAN / Gateway Environment
3306,2026-08-06 10:27:35,N/A,N/A,36468,TCP,60,0,CLEAN,Local LAN / Gateway Environment
3305,2026-08-06 10:27:35,N/A,N/A,47686,TCP,60,0,CLEAN,Local LAN / Gateway Environment
3304,2026-08-06 10:27:35,N/A,N/A,22,TCP,54,0,CLEAN,Local LAN / Gateway Environment
3303,2026-08-06 10:27:35,N/A,N/A,0,IpNextHeaderProtocol(1),98,0,CLEAN,Local LAN / Gateway Environment
3302,2026-08-06 10:27:35,N/A,N/A,22,TCP,54,0,CLEAN,Local LAN / Gateway Environment
3301,2026-08-06 10:27:35,N/A,N/A,53092,TCP,60,0,CLEAN,Local LAN / Gateway Environment
3299,2026-08-06 10:27:35,N/A,N/A,445,TCP,74,0,CLEAN,Local LAN / Gateway Environment
3298,2026-08-06 10:27:35,N/A,N/A,0,IpNextHeaderProtocol(1),98,0,CLEAN,Local LAN / Gateway Environment
3297,2026-08-06 10:27:35,N/A,N/A,46746,TCP,60,0,CLEAN,Local LAN / Gateway Environment
3296,2026-08-06 10:27:35,N/A,N/A,41084,TCP,54,0,CLEAN,Local LAN / Gateway Environment
3295,2026-08-06 10:27:35,N/A,N/A,22,TCP,54,0,CLEAN,Local LAN / Gateway Environment
3294,2026-08-06 10:27:35,N/A,N/A,22,TCP,54,0,CLEAN,Local LAN / Gateway Environment
3293,2026-08-06 10:27:35,N/A,N/A,48246,TCP,66,0,CLEAN,Local LAN / Gateway Environment
3291,2026-08-06 10:27:35,N/A,N/A,0,IpNextHeaderProtocol(1),98,0,CLEAN,Local LAN / Gateway Environment
3290,2026-08-06 10:27:35,N/A,N/A,56958,TCP,60,0,CLEAN,Local LAN / Gateway Environment
3289,2026-08-06 10:27:35,N/A,N/A,60994,TCP,66,0,CLEAN,Local LAN / Gateway Environment
3288,2026-08-06 10:27:35,N/A,N/A,62078,TCP,74,0,CLEAN,Local LAN / Gateway Environment
3287,2026-08-06 10:27:35,N/A,N/A,445,TCP,74,0,CLEAN,Local LAN / Gateway Environment
3286,2026-08-06 10:27:35,N/A,N/A,53092,TCP,60,0,CLEAN,Local LAN / Gateway Environment
3285,2026-08-06 10:27:35,N/A,N/A,62078,TCP,74,0,CLEAN,Local LAN / Gateway Environment
3284,2026-08-06 10:27:35,N/A,N/A,49390,TCP,60,0,CLEAN,Local LAN / Gateway Environment
3283,2026-08-06 10:27:35,N/A,N/A,38640,TCP,60,0,CLEAN,Local LAN / Gateway Environment
3282,2026-08-06 10:27:35,N/A,N/A,38142,TCP,60,0,CLEAN,Local LAN / Gateway Environment
3281,2026-08-06 10:27:35,N/A,N/A,38894,TCP,60,0,CLEAN,Local LAN / Gateway Environment
3280,2026-08-06 10:27:35,N/A,N/A,5555,TCP,74,0,CLEAN,Local LAN / Gateway Environment
3279,2026-08-06 10:27:35,N/A,N/A,5555,TCP,74,0,CLEAN,Local LAN / Gateway Environment
3278,2026-08-06 10:27:35,N/A,N/A,62078,TCP,74,0,CLEAN,Local LAN / Gateway Environment
3277,2026-08-06 10:27:35,N/A,N/A,135,TCP,74,0,CLEAN,Local LAN / Gateway Environment
3276,2026-08-06 10:27:35,N/A,N/A,22,TCP,54,0,CLEAN,Local LAN / Gateway Environment
3275,2026-08-06 10:27:35,N/A,N/A,22,TCP,54,0,CLEAN,Local LAN / Gateway Environment
3274,2026-08-06 10:27:35,N/A,N/A,38812,TCP,66,0,CLEAN,Local LAN / Gateway Environment
3273,2026-08-06 10:27:35,N/A,N/A,38812,TCP,87,0,CLEAN,Local LAN / Gateway Environment
3272,2026-08-06 10:27:35,N/A,N/A,38306,TCP,60,0,CLEAN,Local LAN / Gateway Environment
3271,2026-08-06 10:27:35,N/A,N/A,43726,TCP,60,0,CLEAN,Local LAN / Gateway Environment
3270,2026-08-06 10:27:35,N/A,N/A,47052,TCP,54,0,CLEAN,Local LAN / Gateway Environment
3269,2026-08-06 10:27:35,N/A,N/A,35912,TCP,60,0,CLEAN,Local LAN / Gateway Environment
3268,2026-08-06 10:27:35,N/A,N/A,48736,TCP,54,0,CLEAN,Local LAN / Gateway Environment
3267,2026-08-06 10:27:35,N/A,N/A,445,TCP,74,0,CLEAN,Local LAN / Gateway Environment
3266,2026-08-06 10:27:35,N/A,N/A,5555,TCP,74,0,CLEAN,Local LAN / Gateway Environment
3265,2026-08-06 10:27:35,N/A,N/A,42532,TCP,60,0,CLEAN,Local LAN / Gateway Environment
3264,2026-08-06 10:27:35,N/A,N/A,48870,TCP,60,0,CLEAN,Local LAN / Gateway Environment
3263,2026-08-06 10:27:35,N/A,N/A,62078,TCP,74,0,CLEAN,Local LAN / Gateway Environment
3262,2026-08-06 10:27:35,N/A,N/A,445,TCP,74,0,CLEAN,Local LAN / Gateway Environment
3261,2026-08-06 10:27:35,N/A,N/A,39474,TCP,54,0,CLEAN,Local LAN / Gateway Environment
3260,2026-08-06 10:27:35,N/A,N/A,46894,TCP,60,0,CLEAN,Local LAN / Gateway Environment
3259,2026-08-06 10:27:35,N/A,N/A,48246,TCP,66,0,CLEAN,Local LAN / Gateway Environment
3258,2026-08-06 10:27:35,N/A,N/A,5555,TCP,74,0,CLEAN,Local LAN / Gateway Environment
3257,2026-08-06 10:27:35,N/A,N/A,445,TCP,74,0,CLEAN,Local LAN / Gateway Environment
3256,2026-08-06 10:27:35,N/A,N/A,39450,TCP,54,0,CLEAN,Local LAN / Gateway Environment
3255,2026-08-06 10:27:35,N/A,N/A,45818,TCP,60,0,CLEAN,Local LAN / Gateway Environment
3254,2026-08-06 10:27:35,N/A,N/A,54406,TCP,54,0,CLEAN,Local LAN / Gateway Environment
3253,2026-08-06 10:27:35,N/A,N/A,135,TCP,74,0,CLEAN,Local LAN / Gateway Environment
3252,2026-08-06 10:27:35,N/A,N/A,135,TCP,74,0,CLEAN,Local LAN / Gateway Environment
3251,2026-08-06 10:27:35,N/A,N/A,445,TCP,74,0,CLEAN,Local LAN / Gateway Environment
3250,2026-08-06 10:27:35,N/A,N/A,22,TCP,66,0,CLEAN,Local LAN / Gateway Environment
3249,2026-08-06 10:27:35,N/A,N/A,22,TCP,66,0,CLEAN,Local LAN / Gateway Environment
3248,2026-08-06 10:27:35,N/A,N/A,45828,TCP,54,0,CLEAN,Local LAN / Gateway Environment
3247,2026-08-06 10:27:35,N/A,N/A,60994,TCP,74,0,CLEAN,Local LAN / Gateway Environment
3246,2026-08-06 10:27:35,N/A,N/A,38812,TCP,66,0,CLEAN,Local LAN / Gateway Environment
3245,2026-08-06 10:27:35,N/A,N/A,38680,TCP,60,0,CLEAN,Local LAN / Gateway Environment
3244,2026-08-06 10:27:35,N/A,N/A,135,TCP,74,0,CLEAN,Local LAN / Gateway Environment
3243,2026-08-06 10:27:35,N/A,N/A,135,TCP,74,0,CLEAN,Local LAN / Gateway Environment
3242,2026-08-06 10:27:35,N/A,N/A,22,TCP,54,0,CLEAN,Local LAN / Gateway Environment
3241,2026-08-06 10:27:35,N/A,N/A,22,TCP,66,0,CLEAN,Local LAN / Gateway Environment
3240,2026-08-06 10:27:35,N/A,N/A,22,TCP,54,0,CLEAN,Local LAN / Gateway Environment
3239,2026-08-06 10:27:35,N/A,N/A,22,TCP,66,0,CLEAN,Local LAN / Gateway Environment
3238,2026-08-06 10:27:35,N/A,N/A,53092,TCP,66,0,CLEAN,Local LAN / Gateway Environment
3237,2026-08-06 10:27:35,N/A,N/A,48246,TCP,74,0,CLEAN,Local LAN / Gateway Environment
3236,2026-08-06 10:27:35,N/A,N/A,135,TCP,74,0,CLEAN,Local LAN / Gateway Environment
3235,2026-08-06 10:27:35,N/A,N/A,22,TCP,54,0,CLEAN,Local LAN / Gateway Environment
3234,2026-08-06 10:27:35,N/A,N/A,22,TCP,54,0,CLEAN,Local LAN / Gateway Environment
3233,2026-08-06 10:27:35,N/A,N/A,54406,TCP,66,0,CLEAN,Local LAN / Gateway Environment
3232,2026-08-06 10:27:35,N/A,N/A,22,TCP,74,0,CLEAN,Local LAN / Gateway Environment
3231,2026-08-06 10:27:35,N/A,N/A,22,TCP,74,0,CLEAN,Local LAN / Gateway Environment
3230,2026-08-06 10:27:35,N/A,N/A,22,TCP,74,0,CLEAN,Local LAN / Gateway Environment
3229,2026-08-06 10:27:35,N/A,N/A,135,TCP,74,0,CLEAN,Local LAN / Gateway Environment
3228,2026-08-06 10:27:35,N/A,N/A,22,TCP,66,0,CLEAN,Local LAN / Gateway Environment
3227,2026-08-06 10:27:35,N/A,N/A,22,TCP,74,0,CLEAN,Local LAN / Gateway Environment
3226,2026-08-06 10:27:35,N/A,N/A,22,TCP,74,0,CLEAN,Local LAN / Gateway Environment
3225,2026-08-06 10:27:35,N/A,N/A,22,TCP,74,0,CLEAN,Local LAN / Gateway Environment
3224,2026-08-06 10:27:35,N/A,N/A,22,TCP,74,0,CLEAN,Local LAN / Gateway Environment
3223,2026-08-06 10:27:35,N/A,N/A,22,TCP,74,0,CLEAN,Local LAN / Gateway Environment
3222,2026-08-06 10:27:35,N/A,N/A,22,TCP,74,0,CLEAN,Local LAN / Gateway Environment
3221,2026-08-06 10:27:35,N/A,N/A,22,TCP,74,0,CLEAN,Local LAN / Gateway Environment
3220,2026-08-06 10:27:35,N/A,N/A,22,TCP,66,0,CLEAN,Local LAN / Gateway Environment
3219,2026-08-06 10:27:35,N/A,N/A,38812,TCP,74,0,CLEAN,Local LAN / Gateway Environment
3218,2026-08-06 10:27:35,N/A,N/A,22,TCP,74,0,CLEAN,Local LAN / Gateway Environment
3217,2026-08-06 10:27:35,N/A,N/A,22,TCP,74,0,CLEAN,Local LAN / Gateway Environment
3216,2026-08-06 10:27:35,N/A,N/A,22,TCP,74,0,CLEAN,Local LAN / Gateway Environment
3215,2026-08-06 10:27:35,N/A,N/A,0,IpNextHeaderProtocol(1),164,0,CLEAN,Local LAN / Gateway Environment
3214,2026-08-06 10:27:35,N/A,N/A,0,IpNextHeaderProtocol(1),164,0,CLEAN,Local LAN / Gateway Environment
3213,2026-08-06 10:27:35,N/A,N/A,0,IpNextHeaderProtocol(1),164,0,CLEAN,Local LAN / Gateway Environment
3212,2026-08-06 10:27:35,N/A,N/A,0,IpNextHeaderProtocol(1),164,0,CLEAN,Local LAN / Gateway Environment
3211,2026-08-06 10:27:35,N/A,N/A,0,IpNextHeaderProtocol(1),164,0,CLEAN,Local LAN / Gateway Environment
3210,2026-08-06 10:27:35,N/A,N/A,0,IpNextHeaderProtocol(1),164,0,CLEAN,Local LAN / Gateway Environment
3209,2026-08-06 10:27:35,N/A,N/A,0,IpNextHeaderProtocol(1),164,0,CLEAN,Local LAN / Gateway Environment
3208,2026-08-06 10:27:35,N/A,N/A,0,IpNextHeaderProtocol(1),164,0,CLEAN,Local LAN / Gateway Environment
3207,2026-08-06 10:27:35,N/A,N/A,0,IpNextHeaderProtocol(1),164,0,CLEAN,Local LAN / Gateway Environment
3206,2026-08-06 10:27:35,N/A,N/A,1900,UDP,136,0,CLEAN,Local LAN / Gateway Environment
3205,2026-08-06 10:27:35,N/A,N/A,1900,UDP,136,0,CLEAN,Local LAN / Gateway Environment
3204,2026-08-06 10:27:35,N/A,N/A,1900,UDP,136,0,CLEAN,Local LAN / Gateway Environment
3203,2026-08-06 10:27:35,N/A,N/A,1900,UDP,136,0,CLEAN,Local LAN / Gateway Environment
3202,2026-08-06 10:27:35,N/A,N/A,1900,UDP,136,0,CLEAN,Local LAN / Gateway Environment
3201,2026-08-06 10:27:35,N/A,N/A,1900,UDP,136,0,CLEAN,Local LAN / Gateway Environment
3200,2026-08-06 10:27:35,N/A,N/A,1900,UDP,136,0,CLEAN,Local LAN / Gateway Environment
3199,2026-08-06 10:27:35,N/A,N/A,1900,UDP,136,0,CLEAN,Local LAN / Gateway Environment
3198,2026-08-06 10:27:35,N/A,N/A,1900,UDP,136,0,CLEAN,Local LAN / Gateway Environment
3197,2026-08-06 10:27:35,N/A,N/A,1900,UDP,136,0,CLEAN,Local LAN / Gateway Environment
3196,2026-08-06 10:27:35,N/A,N/A,1900,UDP,136,0,CLEAN,Local LAN / Gateway Environment
3195,2026-08-06 10:27:35,N/A,N/A,1900,UDP,136,0,CLEAN,Local LAN / Gateway Environment
3194,2026-08-06 10:27:35,N/A,N/A,1900,UDP,136,0,CLEAN,Local LAN / Gateway Environment
3193,2026-08-06 10:27:34,N/A,N/A,0,IpNextHeaderProtocol(1),98,0,CLEAN,Local LAN / Gateway Environment
3192,2026-08-06 10:27:34,N/A,N/A,0,IpNextHeaderProtocol(1),98,0,CLEAN,Local LAN / Gateway Environment
3191,2026-08-06 10:27:33,N/A,N/A,0,IpNextHeaderProtocol(1),98,0,CLEAN,Local LAN / Gateway Environment
3190,2026-08-06 10:27:33,N/A,N/A,0,IpNextHeaderProtocol(1),98,0,CLEAN,Local LAN / Gateway Environment
3189,2026-08-06 10:27:33,N/A,N/A,0,IpNextHeaderProtocol(1),98,0,CLEAN,Local LAN / Gateway Environment
3188,2026-08-06 10:27:32,N/A,N/A,0,IpNextHeaderProtocol(1),98,0,CLEAN,Local LAN / Gateway Environment
3187,2026-08-06 10:27:32,N/A,N/A,36431,UDP,67,0,CLEAN,Local LAN / Gateway Environment
3186,2026-08-06 10:27:32,N/A,N/A,443,UDP,71,0,CLEAN,Google Cloud / Meet / Video Stream
3185,2026-08-06 10:27:32,N/A,N/A,0,IpNextHeaderProtocol(1),98,0,CLEAN,Local LAN / Gateway Environment
3184,2026-08-06 10:27:32,N/A,N/A,0,IpNextHeaderProtocol(1),98,0,CLEAN,Local LAN / Gateway Environment
3183,2026-08-06 10:27:32,N/A,N/A,0,IpNextHeaderProtocol(1),98,0,CLEAN,Local LAN / Gateway Environment
3182,2026-08-06 10:27:31,N/A,N/A,0,IpNextHeaderProtocol(1),98,0,CLEAN,Local LAN / Gateway Environment
3181,2026-08-06 10:27:31,N/A,N/A,0,IpNextHeaderProtocol(1),98,0,CLEAN,Local LAN / Gateway Environment
3180,2026-08-06 10:27:30,N/A,N/A,0,IpNextHeaderProtocol(1),98,0,CLEAN,Local LAN / Gateway Environment
3179,2026-08-06 10:27:30,N/A,N/A,0,IpNextHeaderProtocol(1),98,0,CLEAN,Local LAN / Gateway Environment
3178,2026-08-06 10:27:30,N/A,N/A,0,IpNextHeaderProtocol(1),98,0,CLEAN,Local LAN / Gateway Environment
3177,2026-08-06 10:27:30,N/A,N/A,0,IpNextHeaderProtocol(1),98,0,CLEAN,Local LAN / Gateway Environment
3176,2026-08-06 10:27:30,N/A,N/A,0,IpNextHeaderProtocol(1),98,0,CLEAN,Local LAN / Gateway Environment
3175,2026-08-06 10:27:30,N/A,N/A,0,IpNextHeaderProtocol(1),98,0,CLEAN,Local LAN / Gateway Environment
3174,2026-08-06 10:27:29,N/A,N/A,0,IpNextHeaderProtocol(1),98,0,CLEAN,Local LAN / Gateway Environment
3173,2026-08-06 10:27:29,N/A,N/A,0,IpNextHeaderProtocol(1),98,0,CLEAN,Local LAN / Gateway Environment
3172,2026-08-06 10:27:29,N/A,N/A,0,IpNextHeaderProtocol(1),98,0,CLEAN,Local LAN / Gateway Environment
3171,2026-08-06 10:27:27,N/A,N/A,14,UDP,64,0,CLEAN,Local LAN / Private Subnet
3170,2026-08-06 09:50:28,N/A,N/A,137,UDP,92,0,CLEAN,Local LAN / Gateway Environment
3169,2026-08-06 09:50:28,N/A,N/A,0,IpNextHeaderProtocol(1),98,0,CLEAN,Local LAN / Gateway Environment
3168,2026-08-06 09:50:28,N/A,N/A,62078,TCP,74,0,CLEAN,Local LAN / Gateway Environment
3167,2026-08-06 09:50:28,N/A,N/A,54790,TCP,60,0,CLEAN,Local LAN / Gateway Environment
3166,2026-08-06 09:50:28,N/A,N/A,0,IpNextHeaderProtocol(1),98,0,CLEAN,Local LAN / Gateway Environment
3165,2026-08-06 09:50:28,N/A,N/A,22,TCP,54,0,CLEAN,Local LAN / Gateway Environment
3164,2026-08-06 09:50:28,N/A,N/A,22,TCP,54,0,CLEAN,Local LAN / Gateway Environment
3163,2026-08-06 09:50:28,N/A,N/A,60902,TCP,66,0,CLEAN,Local LAN / Gateway Environment
3162,2026-08-06 09:50:28,N/A,N/A,60902,TCP,82,0,CLEAN,Local LAN / Gateway Environment
3161,2026-08-06 09:50:28,N/A,N/A,50020,TCP,54,0,CLEAN,Local LAN / Gateway Environment
3160,2026-08-06 09:50:28,N/A,N/A,0,IpNextHeaderProtocol(1),120,0,CLEAN,Local LAN / Gateway Environment
3159,2026-08-06 09:50:28,N/A,N/A,137,UDP,92,0,CLEAN,Local LAN / Gateway Environment
3158,2026-08-06 09:50:28,N/A,N/A,0,IpNextHeaderProtocol(1),98,0,CLEAN,Local LAN / Gateway Environment
3157,2026-08-06 09:50:28,N/A,N/A,445,TCP,74,0,CLEAN,Local LAN / Gateway Environment
3156,2026-08-06 09:50:28,N/A,N/A,54354,TCP,54,0,CLEAN,Local LAN / Gateway Environment
3155,2026-08-06 09:50:28,N/A,N/A,0,IpNextHeaderProtocol(1),98,0,CLEAN,Local LAN / Gateway Environment
3154,2026-08-06 09:50:28,N/A,N/A,5555,TCP,74,0,CLEAN,Local LAN / Gateway Environment
3153,2026-08-06 09:50:28,N/A,N/A,62078,TCP,74,0,CLEAN,Local LAN / Gateway Environment
3152,2026-08-06 09:50:28,N/A,N/A,51720,TCP,54,0,CLEAN,Local LAN / Gateway Environment
3151,2026-08-06 09:50:18,N/A,N/A,37564,TCP,60,0,CLEAN,Local LAN / Gateway Environment
3150,2026-08-06 09:50:18,N/A,N/A,44474,TCP,60,0,CLEAN,Local LAN / Gateway Environment
3149,2026-08-06 09:50:18,N/A,N/A,5555,TCP,74,0,CLEAN,Local LAN / Gateway Environment
3148,2026-08-06 09:50:18,N/A,N/A,62078,TCP,74,0,CLEAN,Local LAN / Gateway Environment
3147,2026-08-06 09:50:18,N/A,N/A,39650,TCP,60,0,CLEAN,Local LAN / Gateway Environment
3146,2026-08-06 09:50:18,N/A,N/A,59294,TCP,54,0,CLEAN,Local LAN / Gateway Environment
3145,2026-08-06 09:50:18,N/A,N/A,445,TCP,74,0,CLEAN,Local LAN / Gateway Environment
3144,2026-08-06 09:50:18,N/A,N/A,5555,TCP,74,0,CLEAN,Local LAN / Gateway Environment
3143,2026-08-06 09:50:18,N/A,N/A,22,TCP,54,0,CLEAN,Local LAN / Gateway Environment
3142,2026-08-06 09:50:18,N/A,N/A,22,TCP,54,0,CLEAN,Local LAN / Gateway Environment
3141,2026-08-06 09:50:18,N/A,N/A,47872,TCP,60,0,CLEAN,Local LAN / Gateway Environment
3140,2026-08-06 09:50:18,N/A,N/A,38440,TCP,66,0,CLEAN,Local LAN / Gateway Environment
3139,2026-08-06 09:50:18,N/A,N/A,38440,TCP,87,0,CLEAN,Local LAN / Gateway Environment
3138,2026-08-06 09:50:18,N/A,N/A,56878,TCP,60,0,CLEAN,Local LAN / Gateway Environment
3137,2026-08-06 09:50:18,N/A,N/A,60902,TCP,66,0,CLEAN,Local LAN / Gateway Environment
3136,2026-08-06 09:50:18,N/A,N/A,135,TCP,74,0,CLEAN,Local LAN / Gateway Environment
3135,2026-08-06 09:50:18,N/A,N/A,445,TCP,74,0,CLEAN,Local LAN / Gateway Environment
3134,2026-08-06 09:50:18,N/A,N/A,445,TCP,74,0,CLEAN,Local LAN / Gateway Environment
3133,2026-08-06 09:50:18,N/A,N/A,57978,TCP,54,0,CLEAN,Local LAN / Gateway Environment
3132,2026-08-06 09:50:18,N/A,N/A,36332,TCP,60,0,CLEAN,Local LAN / Gateway Environment
3131,2026-08-06 09:50:07,N/A,N/A,38440,TCP,66,0,CLEAN,Local LAN / Gateway Environment
3130,2026-08-06 09:50:07,N/A,N/A,37896,TCP,54,0,CLEAN,Local LAN / Gateway Environment
3129,2026-08-06 09:50:07,N/A,N/A,135,TCP,74,0,CLEAN,Local LAN / Gateway Environment
3128,2026-08-06 09:50:07,N/A,N/A,135,TCP,74,0,CLEAN,Local LAN / Gateway Environment
3127,2026-08-06 09:50:07,N/A,N/A,135,TCP,74,0,CLEAN,Local LAN / Gateway Environment
3126,2026-08-06 09:50:07,N/A,N/A,135,TCP,74,0,CLEAN,Local LAN / Gateway Environment
3125,2026-08-06 09:50:07,N/A,N/A,22,TCP,66,0,CLEAN,Local LAN / Gateway Environment
3124,2026-08-06 09:50:07,N/A,N/A,22,TCP,66,0,CLEAN,Local LAN / Gateway Environment
3123,2026-08-06 09:50:07,N/A,N/A,22,TCP,66,0,CLEAN,Local LAN / Gateway Environment
3122,2026-08-06 09:50:07,N/A,N/A,22,TCP,66,0,CLEAN,Local LAN / Gateway Environment
3121,2026-08-06 09:50:07,N/A,N/A,35594,TCP,54,0,CLEAN,Local LAN / Gateway Environment
3120,2026-08-06 09:50:07,N/A,N/A,60602,TCP,60,0,CLEAN,Local LAN / Gateway Environment
3119,2026-08-06 09:50:07,N/A,N/A,60902,TCP,74,0,CLEAN,Local LAN / Gateway Environment
3118,2026-08-06 09:50:07,N/A,N/A,38440,TCP,74,0,CLEAN,Local LAN / Gateway Environment
3117,2026-08-06 09:50:07,N/A,N/A,22,TCP,74,0,CLEAN,Local LAN / Gateway Environment
3116,2026-08-06 09:50:07,N/A,N/A,22,TCP,74,0,CLEAN,Local LAN / Gateway Environment
3115,2026-08-06 09:50:07,N/A,N/A,22,TCP,74,0,CLEAN,Local LAN / Gateway Environment
3114,2026-08-06 09:50:07,N/A,N/A,22,TCP,74,0,CLEAN,Local LAN / Gateway Environment
3113,2026-08-06 09:50:07,N/A,N/A,22,TCP,74,0,CLEAN,Local LAN / Gateway Environment
3112,2026-08-06 09:50:07,N/A,N/A,22,TCP,74,0,CLEAN,Local LAN / Gateway Environment
3111,2026-08-06 09:50:07,N/A,N/A,22,TCP,74,0,CLEAN,Local LAN / Gateway Environment
3110,2026-08-06 09:50:07,N/A,N/A,22,TCP,74,0,CLEAN,Local LAN / Gateway Environment
3109,2026-08-06 09:50:07,N/A,N/A,0,IpNextHeaderProtocol(1),164,0,CLEAN,Local LAN / Gateway Environment
3108,2026-08-06 09:50:07,N/A,N/A,0,IpNextHeaderProtocol(1),164,0,CLEAN,Local LAN / Gateway Environment
3107,2026-08-06 09:50:07,N/A,N/A,0,IpNextHeaderProtocol(1),164,0,CLEAN,Local LAN / Gateway Environment
3106,2026-08-06 09:50:07,N/A,N/A,0,IpNextHeaderProtocol(1),164,0,CLEAN,Local LAN / Gateway Environment
3105,2026-08-06 09:50:07,N/A,N/A,1900,UDP,136,0,CLEAN,Local LAN / Gateway Environment
3104,2026-08-06 09:50:07,N/A,N/A,1900,UDP,136,0,CLEAN,Local LAN / Gateway Environment
3103,2026-08-06 09:50:07,N/A,N/A,1900,UDP,136,0,CLEAN,Local LAN / Gateway Environment
3102,2026-08-06 09:50:07,N/A,N/A,1900,UDP,136,0,CLEAN,Local LAN / Gateway Environment
3101,2026-08-06 09:50:07,N/A,N/A,1900,UDP,136,0,CLEAN,Local LAN / Gateway Environment
3100,2026-08-06 09:50:07,N/A,N/A,1900,UDP,136,0,CLEAN,Local LAN / Gateway Environment
3099,2026-08-06 09:50:07,N/A,N/A,1900,UDP,136,0,CLEAN,Local LAN / Gateway Environment
3098,2026-08-06 09:50:07,N/A,N/A,1900,UDP,136,0,CLEAN,Local LAN / Gateway Environment
3097,2026-08-06 09:50:07,N/A,N/A,51384,UDP,109,0,CLEAN,Local LAN / Gateway Environment
3096,2026-08-06 09:50:07,N/A,N/A,41158,TCP,66,0,CLEAN,Local LAN / Gateway Environment
3095,2026-08-06 09:50:07,N/A,N/A,443,TCP,66,0,CLEAN,External Host (Unknown)
3094,2026-08-06 09:50:07,N/A,N/A,41160,TCP,128,0,CLEAN,Local LAN / Gateway Environment
3093,2026-08-06 09:50:07,N/A,N/A,41160,TCP,245,0,CLEAN,Local LAN / Gateway Environment
3092,2026-08-06 09:50:07,N/A,N/A,41160,TCP,66,0,CLEAN,Local LAN / Gateway Environment
3091,2026-08-06 09:50:04,N/A,N/A,443,TCP,97,0,CLEAN,External Host (Unknown)
3090,2026-08-06 09:50:04,N/A,N/A,443,TCP,130,0,CLEAN,External Host (Unknown)
3089,2026-08-06 09:50:04,N/A,N/A,443,TCP,66,0,CLEAN,External Host (Unknown)
3088,2026-08-06 09:50:04,N/A,N/A,443,TCP,66,0,CLEAN,External Host (Unknown)
3087,2026-08-06 09:50:04,N/A,N/A,41158,TCP,97,0,CLEAN,Local LAN / Gateway Environment
3085,2026-08-06 09:50:04,N/A,N/A,41158,TCP,137,0,CLEAN,Local LAN / Gateway Environment
3084,2026-08-06 09:50:04,N/A,N/A,41158,TCP,245,0,CLEAN,Local LAN / Gateway Environment
3083,2026-08-06 09:50:04,N/A,N/A,41158,TCP,66,0,CLEAN,Local LAN / Gateway Environment
3082,2026-08-06 09:50:04,N/A,N/A,41158,TCP,66,0,CLEAN,Local LAN / Gateway Environment
3080,2026-08-06 09:50:04,N/A,N/A,41160,TCP,66,0,CLEAN,Local LAN / Gateway Environment
3078,2026-08-06 09:50:03,N/A,N/A,443,TCP,158,0,CLEAN,External Host (Unknown)
3077,2026-08-06 09:50:03,N/A,N/A,443,TCP,130,0,CLEAN,External Host (Unknown)
3076,2026-08-06 09:50:03,N/A,N/A,443,TCP,66,0,CLEAN,External Host (Unknown)
3074,2026-08-06 09:50:03,N/A,N/A,41158,TCP,66,0,CLEAN,Local LAN / Gateway Environment
3071,2026-08-06 09:50:03,N/A,N/A,443,TCP,66,0,CLEAN,External Host (Unknown)
3070,2026-08-06 09:50:03,N/A,N/A,41160,TCP,74,0,CLEAN,Local LAN / Gateway Environment
3069,2026-08-06 09:50:03,N/A,N/A,0,IpNextHeaderProtocol(1),98,0,CLEAN,Local LAN / Gateway Environment
3066,2026-08-06 09:50:03,N/A,N/A,443,TCP,66,0,CLEAN,External Host (Unknown)
3065,2026-08-06 09:50:03,N/A,N/A,41158,TCP,74,0,CLEAN,Local LAN / Gateway Environment
3064,2026-08-06 09:50:03,N/A,N/A,443,TCP,74,0,CLEAN,External Host (Unknown)
3063,2026-08-06 09:50:03,N/A,N/A,0,IpNextHeaderProtocol(1),98,0,CLEAN,Local LAN / Gateway Environment
3062,2026-08-06 09:50:03,N/A,N/A,0,IpNextHeaderProtocol(1),98,0,CLEAN,Local LAN / Gateway Environment
3061,2026-08-06 09:50:02,N/A,N/A,58475,UDP,198,0,CLEAN,Local LAN / Gateway Environment
3060,2026-08-06 09:50:02,N/A,N/A,443,TCP,74,0,CLEAN,External Host (Unknown)
3059,2026-08-06 09:50:02,N/A,N/A,53,UDP,120,0,CLEAN,Local LAN / Gateway Environment
3058,2026-08-06 09:50:02,N/A,N/A,41522,UDP,229,0,CLEAN,Local LAN / Gateway Environment
3056,2026-08-06 09:50:02,N/A,N/A,53,UDP,91,0,CLEAN,Local LAN / Gateway Environment
3055,2026-08-06 09:50:02,N/A,N/A,53,UDP,91,0,CLEAN,Local LAN / Gateway Environment
3054,2026-08-06 09:50:02,N/A,N/A,0,IpNextHeaderProtocol(1),98,0,CLEAN,Local LAN / Gateway Environment
3053,2026-08-06 09:50:02,N/A,N/A,0,IpNextHeaderProtocol(1),98,0,CLEAN,Local LAN / Gateway Environment
3052,2026-08-06 09:50:02,N/A,N/A,0,IpNextHeaderProtocol(1),98,0,CLEAN,Local LAN / Gateway Environment
3051,2026-08-06 09:50:02,N/A,N/A,0,IpNextHeaderProtocol(1),98,0,CLEAN,Local LAN / Gateway Environment
3050,2026-08-06 09:50:01,N/A,N/A,0,IpNextHeaderProtocol(1),98,0,CLEAN,Local LAN / Gateway Environment
3049,2026-08-06 09:50:01,N/A,N/A,0,IpNextHeaderProtocol(1),98,0,CLEAN,Local LAN / Gateway Environment
3048,2026-08-06 09:50:01,N/A,N/A,0,IpNextHeaderProtocol(1),98,0,CLEAN,Local LAN / Gateway Environment
3047,2026-08-06 09:50:00,N/A,N/A,51384,UDP,84,0,CLEAN,Local LAN / Gateway Environment
3046,2026-08-06 09:49:59,N/A,N/A,0,IpNextHeaderProtocol(1),98,0,CLEAN,Local LAN / Gateway Environment
3045,2026-08-06 09:49:58,N/A,N/A,0,IpNextHeaderProtocol(1),98,0,CLEAN,Local LAN / Gateway Environment
3044,2026-08-06 09:49:58,N/A,N/A,0,IpNextHeaderProtocol(1),98,0,CLEAN,Local LAN / Gateway Environment
3043,2026-08-06 09:49:57,N/A,N/A,443,UDP,75,0,CLEAN,External Host (Unknown)
3042,2026-08-06 09:49:57,N/A,N/A,53326,UDP,316,0,CLEAN,Local LAN / Gateway Environment
3041,2026-08-06 09:49:57,N/A,N/A,53326,UDP,316,0,CLEAN,Local LAN / Gateway Environment
3040,2026-08-06 09:49:56,N/A,N/A,51384,UDP,64,0,CLEAN,Local LAN / Gateway Environment
3039,2026-08-06 09:49:55,N/A,N/A,14,UDP,64,0,CLEAN,Local LAN / Private Subnet
3038,2026-08-06 09:49:54,N/A,N/A,51384,UDP,84,0,CLEAN,Local LAN / Gateway Environment
3037,2026-08-06 09:49:54,N/A,N/A,137,UDP,92,0,CLEAN,Local LAN / Gateway Environment
3036,2026-08-06 09:49:53,N/A,N/A,51384,UDP,64,0,CLEAN,Local LAN / Gateway Environment
3035,2026-08-06 09:49:53,N/A,N/A,51384,UDP,84,0,CLEAN,Local LAN / Gateway Environment
3034,2026-08-06 09:49:53,N/A,N/A,137,UDP,92,0,CLEAN,Local LAN / Gateway Environment
3033,2026-08-06 09:49:53,N/A,N/A,53326,UDP,65,0,CLEAN,Local LAN / Gateway Environment
3032,2026-08-06 09:49:53,N/A,N/A,443,UDP,79,0,CLEAN,External Host (Unknown)
3031,2026-08-06 09:49:53,N/A,N/A,53326,UDP,251,0,CLEAN,Local LAN / Gateway Environment
3030,2026-08-06 09:49:53,N/A,N/A,51384,UDP,64,0,CLEAN,Local LAN / Gateway Environment
3029,2026-08-06 09:49:53,N/A,N/A,51384,UDP,84,0,CLEAN,Local LAN / Gateway Environment
3028,2026-08-06 09:49:53,N/A,N/A,137,UDP,92,0,CLEAN,Local LAN / Gateway Environment
3027,2026-08-06 09:49:52,N/A,N/A,443,UDP,75,0,CLEAN,External Host (Unknown)
3026,2026-08-06 09:49:52,N/A,N/A,53326,UDP,162,0,CLEAN,Local LAN / Gateway Environment
3024,2026-08-06 09:49:52,N/A,N/A,443,UDP,73,0,CLEAN,External Host (Unknown)
3023,2026-08-06 09:49:52,N/A,N/A,53326,UDP,64,0,CLEAN,Local LAN / Gateway Environment
3022,2026-08-06 09:49:52,N/A,N/A,443,UDP,73,0,CLEAN,External Host (Unknown)
3020,2026-08-06 09:49:52,N/A,N/A,53326,UDP,68,0,CLEAN,Local LAN / Gateway Environment
3019,2026-08-06 09:49:52,N/A,N/A,53326,UDP,119,0,CLEAN,Local LAN / Gateway Environment
3009,2026-08-06 09:49:52,N/A,N/A,42866,UDP,66,0,CLEAN,Local LAN / Gateway Environment
3007,2026-08-06 09:49:52,N/A,N/A,53326,UDP,82,0,CLEAN,Local LAN / Gateway Environment
3002,2026-08-06 09:49:52,N/A,N/A,443,UDP,127,0,CLEAN,External Host (Unknown)
2998,2026-08-06 09:49:52,N/A,N/A,443,UDP,124,0,CLEAN,External Host (Unknown)
2995,2026-08-06 09:49:52,N/A,N/A,443,UDP,75,0,CLEAN,External Host (Unknown)
2994,2026-08-06 09:49:52,N/A,N/A,443,UDP,79,0,CLEAN,External Host (Unknown)
2993,2026-08-06 09:49:52,N/A,N/A,42866,UDP,63,0,CLEAN,Local LAN / Gateway Environment
2992,2026-08-06 09:49:52,N/A,N/A,42866,UDP,242,0,CLEAN,Local LAN / Gateway Environment
2991,2026-08-06 09:49:52,N/A,N/A,443,UDP,75,0,CLEAN,External Host (Unknown)
2990,2026-08-06 09:49:52,N/A,N/A,42866,UDP,162,0,CLEAN,Local LAN / Gateway Environment
2989,2026-08-06 09:49:52,N/A,N/A,443,UDP,75,0,CLEAN,External Host (Unknown)
2988,2026-08-06 09:49:52,N/A,N/A,42866,UDP,64,0,CLEAN,Local LAN / Gateway Environment
2986,2026-08-06 09:49:52,N/A,N/A,443,UDP,74,0,CLEAN,External Host (Unknown)
2985,2026-08-06 09:49:52,N/A,N/A,443,UDP,73,0,CLEAN,External Host (Unknown)
2983,2026-08-06 09:49:52,N/A,N/A,42866,UDP,68,0,CLEAN,Local LAN / Gateway Environment
2982,2026-08-06 09:49:52,N/A,N/A,42866,UDP,117,0,CLEAN,Local LAN / Gateway Environment
2971,2026-08-06 09:49:52,N/A,N/A,42866,UDP,82,0,CLEAN,Local LAN / Gateway Environment
2966,2026-08-06 09:49:52,N/A,N/A,59621,UDP,152,0,CLEAN,Local LAN / Gateway Environment
2964,2026-08-06 09:49:52,N/A,N/A,443,UDP,123,0,CLEAN,External Host (Unknown)
2961,2026-08-06 09:49:52,N/A,N/A,42267,UDP,118,0,CLEAN,Local LAN / Gateway Environment
2960,2026-08-06 09:49:51,N/A,N/A,53,UDP,102,0,CLEAN,Local LAN / Gateway Environment
2959,2026-08-06 09:49:51,N/A,N/A,53,UDP,102,0,CLEAN,Local LAN / Gateway Environment
2958,2026-08-06 09:49:51,N/A,N/A,137,UDP,92,0,CLEAN,Local LAN / Gateway Environment
2957,2026-08-06 09:49:50,N/A,N/A,137,UDP,92,0,CLEAN,Local LAN / Gateway Environment
2956,2026-08-06 09:49:50,N/A,N/A,137,UDP,92,0,CLEAN,Local LAN / Gateway Environment
2955,2026-08-06 09:49:50,N/A,N/A,137,UDP,92,0,CLEAN,Local LAN / Gateway Environment
2954,2026-08-06 09:49:48,N/A,N/A,137,UDP,92,0,CLEAN,Local LAN / Gateway Environment
2953,2026-08-06 09:49:48,N/A,N/A,137,UDP,92,0,CLEAN,Local LAN / Gateway Environment
2952,2026-08-06 09:49:47,N/A,N/A,48916,UDP,98,0,CLEAN,Local LAN / Gateway Environment
2951,2026-08-06 09:49:47,N/A,N/A,53,UDP,98,0,CLEAN,Local LAN / Gateway Environment
2950,2026-08-06 09:49:47,N/A,N/A,5353,UDP,87,0,CLEAN,Local LAN / Gateway Environment
2949,2026-08-06 09:49:47,N/A,N/A,137,UDP,92,0,CLEAN,Local LAN / Gateway Environment
2948,2026-08-06 09:49:47,N/A,N/A,40063,UDP,199,0,CLEAN,Local LAN / Gateway Environment
2947,2026-08-06 09:49:47,N/A,N/A,137,UDP,92,0,CLEAN,Local LAN / Gateway Environment
2946,2026-08-06 09:49:47,N/A,N/A,137,UDP,92,0,CLEAN,Local LAN / Gateway Environment
2945,2026-08-06 09:49:46,N/A,N/A,40059,UDP,97,0,CLEAN,Local LAN / Gateway Environment
2944,2026-08-06 09:49:46,N/A,N/A,53,UDP,97,0,CLEAN,Local LAN / Gateway Environment
2943,2026-08-06 09:49:46,N/A,N/A,33583,UDP,96,0,CLEAN,Local LAN / Gateway Environment
2942,2026-08-06 09:49:46,N/A,N/A,53,UDP,96,0,CLEAN,Local LAN / Gateway Environment
2941,2026-08-06 09:49:46,N/A,N/A,5353,UDP,86,0,CLEAN,Local LAN / Gateway Environment
2940,2026-08-06 09:49:46,N/A,N/A,5353,UDP,85,0,CLEAN,Local LAN / Gateway Environment
2939,2026-08-06 09:49:46,N/A,N/A,45554,UDP,98,0,CLEAN,Local LAN / Gateway Environment
2938,2026-08-06 09:49:46,N/A,N/A,53,UDP,98,0,CLEAN,Local LAN / Gateway Environment
2937,2026-08-06 09:49:46,N/A,N/A,0,IpNextHeaderProtocol(1),98,0,CLEAN,Local LAN / Gateway Environment
2936,2026-08-06 09:49:46,N/A,N/A,0,IpNextHeaderProtocol(1),98,0,CLEAN,Local LAN / Gateway Environment
2935,2026-08-06 09:49:46,N/A,N/A,137,UDP,92,0,CLEAN,Local LAN / Gateway Environment
2934,2026-08-06 09:49:45,N/A,N/A,47174,UDP,98,0,CLEAN,Local LAN / Gateway Environment
2933,2026-08-06 09:49:45,N/A,N/A,53,UDP,98,0,CLEAN,Local LAN / Gateway Environment
2932,2026-08-06 09:49:45,N/A,N/A,39137,UDP,97,0,CLEAN,Local LAN / Gateway Environment
2931,2026-08-06 09:49:45,N/A,N/A,53,UDP,97,0,CLEAN,Local LAN / Gateway Environment
2930,2026-08-06 09:49:45,N/A,N/A,0,IpNextHeaderProtocol(1),115,0,CLEAN,Local LAN / Gateway Environment
2929,2026-08-06 09:49:45,N/A,N/A,62078,TCP,74,0,CLEAN,Local LAN / Gateway Environment
2928,2026-08-06 09:49:45,N/A,N/A,137,UDP,92,0,CLEAN,Local LAN / Gateway Environment
2927,2026-08-06 09:49:45,N/A,N/A,62078,TCP,74,0,CLEAN,Local LAN / Gateway Environment
2926,2026-08-06 09:49:45,N/A,N/A,62078,TCP,74,0,CLEAN,Local LAN / Gateway Environment
2925,2026-08-06 09:49:45,N/A,N/A,5353,UDP,87,0,CLEAN,Local LAN / Gateway Environment
2924,2026-08-06 09:49:45,N/A,N/A,0,IpNextHeaderProtocol(1),114,0,CLEAN,Local LAN / Gateway Environment
2923,2026-08-06 09:49:45,N/A,N/A,36994,UDP,98,0,CLEAN,Local LAN / Gateway Environment
2922,2026-08-06 09:49:45,N/A,N/A,53,UDP,98,0,CLEAN,Local LAN / Gateway Environment
2921,2026-08-06 09:49:45,N/A,N/A,47324,UDP,199,0,CLEAN,Local LAN / Gateway Environment
2920,2026-08-06 09:49:45,N/A,N/A,137,UDP,92,0,CLEAN,Local LAN / Gateway Environment
2919,2026-08-06 09:49:45,N/A,N/A,62078,TCP,74,0,CLEAN,Local LAN / Gateway Environment
2918,2026-08-06 09:49:45,N/A,N/A,5555,TCP,74,0,CLEAN,Local LAN / Gateway Environment
2917,2026-08-06 09:49:45,N/A,N/A,5555,TCP,74,0,CLEAN,Local LAN / Gateway Environment
2916,2026-08-06 09:49:45,N/A,N/A,5555,TCP,74,0,CLEAN,Local LAN / Gateway Environment
2915,2026-08-06 09:49:45,N/A,N/A,5353,UDP,87,0,CLEAN,Local LAN / Gateway Environment
2914,2026-08-06 09:49:45,N/A,N/A,52050,UDP,98,0,CLEAN,Local LAN / Gateway Environment
2913,2026-08-06 09:49:45,N/A,N/A,53,UDP,98,0,CLEAN,Local LAN / Gateway Environment
2912,2026-08-06 09:49:45,N/A,N/A,5353,UDP,86,0,CLEAN,Local LAN / Gateway Environment
2911,2026-08-06 09:49:45,N/A,N/A,0,IpNextHeaderProtocol(1),120,0,CLEAN,Local LAN / Gateway Environment
2910,2026-08-06 09:49:45,N/A,N/A,137,UDP,92,0,CLEAN,Local LAN / Gateway Environment
2909,2026-08-06 09:49:45,N/A,N/A,0,IpNextHeaderProtocol(1),98,0,CLEAN,Local LAN / Gateway Environment
2908,2026-08-06 09:49:45,N/A,N/A,62078,TCP,74,0,CLEAN,Local LAN / Gateway Environment
2907,2026-08-06 09:49:45,N/A,N/A,5555,TCP,74,0,CLEAN,Local LAN / Gateway Environment
2906,2026-08-06 09:49:45,N/A,N/A,445,TCP,74,0,CLEAN,Local LAN / Gateway Environment
2905,2026-08-06 09:49:45,N/A,N/A,445,TCP,74,0,CLEAN,Local LAN / Gateway Environment
2904,2026-08-06 09:49:45,N/A,N/A,445,TCP,74,0,CLEAN,Local LAN / Gateway Environment
2903,2026-08-06 09:49:45,N/A,N/A,0,IpNextHeaderProtocol(1),98,0,CLEAN,Local LAN / Gateway Environment
2902,2026-08-06 09:49:45,N/A,N/A,50538,TCP,54,0,CLEAN,Local LAN / Gateway Environment
2901,2026-08-06 09:49:45,N/A,N/A,0,IpNextHeaderProtocol(1),115,0,CLEAN,Local LAN / Gateway Environment
2900,2026-08-06 09:49:45,N/A,N/A,5353,UDP,87,0,CLEAN,Local LAN / Gateway Environment
2899,2026-08-06 09:49:45,N/A,N/A,62078,TCP,74,0,CLEAN,Local LAN / Gateway Environment
2898,2026-08-06 09:49:45,N/A,N/A,59752,TCP,54,0,CLEAN,Local LAN / Gateway Environment
2897,2026-08-06 09:49:45,N/A,N/A,0,IpNextHeaderProtocol(1),120,0,CLEAN,Local LAN / Gateway Environment
2896,2026-08-06 09:49:45,N/A,N/A,137,UDP,92,0,CLEAN,Local LAN / Gateway Environment
2895,2026-08-06 09:49:45,N/A,N/A,0,IpNextHeaderProtocol(1),98,0,CLEAN,Local LAN / Gateway Environment
2894,2026-08-06 09:49:45,N/A,N/A,0,IpNextHeaderProtocol(1),98,0,CLEAN,Local LAN / Gateway Environment
2893,2026-08-06 09:49:45,N/A,N/A,35818,TCP,54,0,CLEAN,Local LAN / Gateway Environment
2892,2026-08-06 09:49:45,N/A,N/A,5555,TCP,74,0,CLEAN,Local LAN / Gateway Environment
2891,2026-08-06 09:49:45,N/A,N/A,34344,TCP,54,0,CLEAN,Local LAN / Gateway Environment
2890,2026-08-06 09:49:45,N/A,N/A,49898,TCP,60,0,CLEAN,Local LAN / Gateway Environment
2889,2026-08-06 09:49:45,N/A,N/A,49898,TCP,60,0,CLEAN,Local LAN / Gateway Environment
2888,2026-08-06 09:49:45,N/A,N/A,5555,TCP,74,0,CLEAN,Local LAN / Gateway Environment
2887,2026-08-06 09:49:45,N/A,N/A,62078,TCP,74,0,CLEAN,Local LAN / Gateway Environment
2886,2026-08-06 09:49:45,N/A,N/A,135,TCP,54,0,CLEAN,Local LAN / Gateway Environment
2885,2026-08-06 09:49:45,N/A,N/A,445,TCP,54,0,CLEAN,Local LAN / Gateway Environment
2884,2026-08-06 09:49:45,N/A,N/A,445,TCP,54,0,CLEAN,Local LAN / Gateway Environment
2883,2026-08-06 09:49:45,N/A,N/A,44910,TCP,60,0,CLEAN,Local LAN / Gateway Environment
2882,2026-08-06 09:49:45,N/A,N/A,44910,TCP,60,0,CLEAN,Local LAN / Gateway Environment
2881,2026-08-06 09:49:45,N/A,N/A,49898,TCP,66,0,CLEAN,Local LAN / Gateway Environment
2880,2026-08-06 09:49:45,N/A,N/A,48444,TCP,54,0,CLEAN,Local LAN / Gateway Environment
2879,2026-08-06 09:49:45,N/A,N/A,0,IpNextHeaderProtocol(1),120,0,CLEAN,Local LAN / Gateway Environment
2878,2026-08-06 09:49:45,N/A,N/A,445,TCP,74,0,CLEAN,Local LAN / Gateway Environment
2877,2026-08-06 09:49:45,N/A,N/A,135,TCP,54,0,CLEAN,Local LAN / Gateway Environment
2876,2026-08-06 09:49:45,N/A,N/A,135,TCP,54,0,CLEAN,Local LAN / Gateway Environment
2875,2026-08-06 09:49:45,N/A,N/A,44910,TCP,66,0,CLEAN,Local LAN / Gateway Environment
2874,2026-08-06 09:49:45,N/A,N/A,5555,TCP,74,0,CLEAN,Local LAN / Gateway Environment
2873,2026-08-06 09:49:45,N/A,N/A,53882,TCP,54,0,CLEAN,Local LAN / Gateway Environment
2872,2026-08-06 09:49:45,N/A,N/A,135,TCP,74,0,CLEAN,Local LAN / Gateway Environment
2871,2026-08-06 09:49:45,N/A,N/A,137,UDP,92,0,CLEAN,Local LAN / Gateway Environment
2869,2026-08-06 09:49:45,N/A,N/A,135,TCP,74,0,CLEAN,Local LAN / Gateway Environment
2868,2026-08-06 09:49:45,N/A,N/A,0,IpNextHeaderProtocol(1),98,0,CLEAN,Local LAN / Gateway Environment
2867,2026-08-06 09:49:45,N/A,N/A,135,TCP,74,0,CLEAN,Local LAN / Gateway Environment
2866,2026-08-06 09:49:45,N/A,N/A,135,TCP,74,0,CLEAN,Local LAN / Gateway Environment
2865,2026-08-06 09:49:45,N/A,N/A,445,TCP,74,0,CLEAN,Local LAN / Gateway Environment
2864,2026-08-06 09:49:45,N/A,N/A,52528,TCP,54,0,CLEAN,Local LAN / Gateway Environment
2863,2026-08-06 09:49:45,N/A,N/A,0,IpNextHeaderProtocol(1),98,0,CLEAN,Local LAN / Gateway Environment
2862,2026-08-06 09:49:45,N/A,N/A,445,TCP,74,0,CLEAN,Local LAN / Gateway Environment
2861,2026-08-06 09:49:45,N/A,N/A,36180,TCP,54,0,CLEAN,Local LAN / Gateway Environment
2860,2026-08-06 09:49:45,N/A,N/A,135,TCP,74,0,CLEAN,Local LAN / Gateway Environment
2859,2026-08-06 09:49:45,N/A,N/A,57984,TCP,54,0,CLEAN,Local LAN / Gateway Environment
2858,2026-08-06 09:49:45,N/A,N/A,37576,TCP,60,0,CLEAN,Local LAN / Gateway Environment
2857,2026-08-06 09:49:45,N/A,N/A,14,UDP,64,0,CLEAN,Local LAN / Private Subnet
2856,2026-08-06 09:49:45,N/A,N/A,62078,TCP,74,0,CLEAN,Local LAN / Gateway Environment
2855,2026-08-06 09:49:45,N/A,N/A,50262,TCP,60,0,CLEAN,Local LAN / Gateway Environment
2854,2026-08-06 09:49:45,N/A,N/A,5555,TCP,74,0,CLEAN,Local LAN / Gateway Environment
2853,2026-08-06 09:49:45,N/A,N/A,56336,TCP,60,0,CLEAN,Local LAN / Gateway Environment
2852,2026-08-06 09:49:45,N/A,N/A,445,TCP,74,0,CLEAN,Local LAN / Gateway Environment
2851,2026-08-06 09:49:45,N/A,N/A,39194,TCP,60,0,CLEAN,Local LAN / Gateway Environment
2850,2026-08-06 09:49:45,N/A,N/A,135,TCP,74,0,CLEAN,Local LAN / Gateway Environment
2849,2026-08-06 09:49:45,N/A,N/A,34166,TCP,60,0,CLEAN,Local LAN / Gateway Environment
2848,2026-08-06 09:49:45,N/A,N/A,135,TCP,74,0,CLEAN,Local LAN / Gateway Environment
2847,2026-08-06 09:49:45,N/A,N/A,51898,TCP,54,0,CLEAN,Local LAN / Gateway Environment
2846,2026-08-06 09:49:45,N/A,N/A,22,TCP,54,0,CLEAN,Local LAN / Gateway Environment
2845,2026-08-06 09:49:45,N/A,N/A,22,TCP,54,0,CLEAN,Local LAN / Gateway Environment
2844,2026-08-06 09:49:45,N/A,N/A,54516,TCP,66,0,CLEAN,Local LAN / Gateway Environment
2843,2026-08-06 09:49:45,N/A,N/A,54516,TCP,82,0,CLEAN,Local LAN / Gateway Environment
2842,2026-08-06 09:49:45,N/A,N/A,0,IpNextHeaderProtocol(1),120,0,CLEAN,Local LAN / Gateway Environment
2841,2026-08-06 09:49:45,N/A,N/A,22,TCP,54,0,CLEAN,Local LAN / Gateway Environment
2840,2026-08-06 09:49:45,N/A,N/A,137,UDP,92,0,CLEAN,Local LAN / Gateway Environment
2839,2026-08-06 09:49:45,N/A,N/A,22,TCP,54,0,CLEAN,Local LAN / Gateway Environment
2838,2026-08-06 09:49:45,N/A,N/A,53748,TCP,66,0,CLEAN,Local LAN / Gateway Environment
2837,2026-08-06 09:49:45,N/A,N/A,53748,TCP,87,0,CLEAN,Local LAN / Gateway Environment
2836,2026-08-06 09:49:45,N/A,N/A,0,IpNextHeaderProtocol(1),98,0,CLEAN,Local LAN / Gateway Environment
2835,2026-08-06 09:49:45,N/A,N/A,54516,TCP,66,0,CLEAN,Local LAN / Gateway Environment
2834,2026-08-06 09:49:45,N/A,N/A,0,IpNextHeaderProtocol(1),98,0,CLEAN,Local LAN / Gateway Environment
2833,2026-08-06 09:49:45,N/A,N/A,33720,TCP,60,0,CLEAN,Local LAN / Gateway Environment
2832,2026-08-06 09:49:45,N/A,N/A,62078,TCP,74,0,CLEAN,Local LAN / Gateway Environment
2831,2026-08-06 09:49:45,N/A,N/A,35968,TCP,60,0,CLEAN,Local LAN / Gateway Environment
2830,2026-08-06 09:49:45,N/A,N/A,5555,TCP,74,0,CLEAN,Local LAN / Gateway Environment
2829,2026-08-06 09:49:45,N/A,N/A,40380,TCP,60,0,CLEAN,Local LAN / Gateway Environment
2828,2026-08-06 09:49:45,N/A,N/A,445,TCP,74,0,CLEAN,Local LAN / Gateway Environment
2827,2026-08-06 09:49:45,N/A,N/A,40462,TCP,60,0,CLEAN,Local LAN / Gateway Environment
2826,2026-08-06 09:49:45,N/A,N/A,135,TCP,74,0,CLEAN,Local LAN / Gateway Environment
2825,2026-08-06 09:49:45,N/A,N/A,22,TCP,66,0,CLEAN,Local LAN / Gateway Environment
2824,2026-08-06 09:49:45,N/A,N/A,22,TCP,66,0,CLEAN,Local LAN / Gateway Environment
2823,2026-08-06 09:49:45,N/A,N/A,54516,TCP,74,0,CLEAN,Local LAN / Gateway Environment
2822,2026-08-06 09:49:45,N/A,N/A,53748,TCP,66,0,CLEAN,Local LAN / Gateway Environment
2821,2026-08-06 09:49:45,N/A,N/A,22,TCP,74,0,CLEAN,Local LAN / Gateway Environment
2820,2026-08-06 09:49:45,N/A,N/A,22,TCP,74,0,CLEAN,Local LAN / Gateway Environment
2819,2026-08-06 09:49:45,N/A,N/A,135,TCP,74,0,CLEAN,Local LAN / Gateway Environment
2818,2026-08-06 09:49:45,N/A,N/A,22,TCP,74,0,CLEAN,Local LAN / Gateway Environment
2817,2026-08-06 09:49:45,N/A,N/A,22,TCP,66,0,CLEAN,Local LAN / Gateway Environment
2816,2026-08-06 09:49:45,N/A,N/A,22,TCP,66,0,CLEAN,Local LAN / Gateway Environment
2815,2026-08-06 09:49:45,N/A,N/A,53748,TCP,74,0,CLEAN,Local LAN / Gateway Environment
2814,2026-08-06 09:49:45,N/A,N/A,22,TCP,74,0,CLEAN,Local LAN / Gateway Environment
2813,2026-08-06 09:49:45,N/A,N/A,22,TCP,74,0,CLEAN,Local LAN / Gateway Environment
2812,2026-08-06 09:49:45,N/A,N/A,22,TCP,74,0,CLEAN,Local LAN / Gateway Environment
2811,2026-08-06 09:49:45,N/A,N/A,22,TCP,74,0,CLEAN,Local LAN / Gateway Environment
2810,2026-08-06 09:49:45,N/A,N/A,22,TCP,74,0,CLEAN,Local LAN / Gateway Environment
2809,2026-08-06 09:49:45,N/A,N/A,22,TCP,74,0,CLEAN,Local LAN / Gateway Environment
2808,2026-08-06 09:49:45,N/A,N/A,0,IpNextHeaderProtocol(1),164,0,CLEAN,Local LAN / Gateway Environment
2807,2026-08-06 09:49:44,N/A,N/A,0,IpNextHeaderProtocol(1),164,0,CLEAN,Local LAN / Gateway Environment
2806,2026-08-06 09:49:44,N/A,N/A,0,IpNextHeaderProtocol(1),164,0,CLEAN,Local LAN / Gateway Environment
2805,2026-08-06 09:49:44,N/A,N/A,0,IpNextHeaderProtocol(1),164,0,CLEAN,Local LAN / Gateway Environment
2804,2026-08-06 09:49:44,N/A,N/A,1900,UDP,136,0,CLEAN,Local LAN / Gateway Environment
2803,2026-08-06 09:49:44,N/A,N/A,1900,UDP,136,0,CLEAN,Local LAN / Gateway Environment
2802,2026-08-06 09:49:44,N/A,N/A,1900,UDP,136,0,CLEAN,Local LAN / Gateway Environment
2801,2026-08-06 09:49:44,N/A,N/A,1900,UDP,136,0,CLEAN,Local LAN / Gateway Environment
2800,2026-08-06 09:49:44,N/A,N/A,1900,UDP,136,0,CLEAN,Local LAN / Gateway Environment
2799,2026-08-06 09:49:44,N/A,N/A,1900,UDP,136,0,CLEAN,Local LAN / Gateway Environment
2798,2026-08-06 09:49:44,N/A,N/A,1900,UDP,136,0,CLEAN,Local LAN / Gateway Environment
2797,2026-08-06 09:49:44,N/A,N/A,1900,UDP,136,0,CLEAN,Local LAN / Gateway Environment
2796,2026-08-06 09:49:44,N/A,N/A,1900,UDP,136,0,CLEAN,Local LAN / Gateway Environment
2795,2026-08-06 09:49:43,N/A,N/A,0,IpNextHeaderProtocol(1),98,0,CLEAN,Local LAN / Gateway Environment
2794,2026-08-06 09:49:43,N/A,N/A,137,UDP,92,0,CLEAN,Local LAN / Gateway Environment
2793,2026-08-06 09:49:43,N/A,N/A,137,UDP,92,0,CLEAN,Local LAN / Gateway Environment
2792,2026-08-06 09:49:42,N/A,N/A,0,IpNextHeaderProtocol(1),98,0,CLEAN,Local LAN / Gateway Environment
2791,2026-08-06 09:49:42,N/A,N/A,0,IpNextHeaderProtocol(1),98,0,CLEAN,Local LAN / Gateway Environment
2790,2026-08-06 09:49:42,N/A,N/A,137,UDP,92,0,CLEAN,Local LAN / Gateway Environment
2789,2026-08-06 09:49:42,N/A,N/A,137,UDP,92,0,CLEAN,Local LAN / Gateway Environment
2788,2026-08-06 09:49:41,N/A,N/A,0,IpNextHeaderProtocol(1),98,0,CLEAN,Local LAN / Gateway Environment
2787,2026-08-06 09:49:41,N/A,N/A,0,IpNextHeaderProtocol(1),98,0,CLEAN,Local LAN / Gateway Environment
2786,2026-08-06 09:49:41,N/A,N/A,0,IpNextHeaderProtocol(1),98,0,CLEAN,Local LAN / Gateway Environment
2785,2026-08-06 09:49:41,N/A,N/A,0,IpNextHeaderProtocol(1),98,0,CLEAN,Local LAN / Gateway Environment
2784,2026-08-06 09:49:41,N/A,N/A,137,UDP,92,0,CLEAN,Local LAN / Gateway Environment
2783,2026-08-06 09:49:40,N/A,N/A,0,IpNextHeaderProtocol(1),98,0,CLEAN,Local LAN / Gateway Environment
2782,2026-08-06 09:49:40,N/A,N/A,0,IpNextHeaderProtocol(1),98,0,CLEAN,Local LAN / Gateway Environment
2781,2026-08-06 09:49:40,N/A,N/A,137,UDP,92,0,CLEAN,Local LAN / Gateway Environment
2780,2026-08-06 09:49:39,N/A,N/A,0,IpNextHeaderProtocol(1),98,0,CLEAN,Local LAN / Gateway Environment
2779,2026-08-06 09:49:38,N/A,N/A,137,UDP,92,0,CLEAN,Local LAN / Gateway Environment
2778,2026-08-06 09:49:38,N/A,N/A,0,IpNextHeaderProtocol(1),98,0,CLEAN,Local LAN / Gateway Environment
2777,2026-08-06 09:49:38,N/A,N/A,0,IpNextHeaderProtocol(1),98,0,CLEAN,Local LAN / Gateway Environment
2776,2026-08-06 09:49:38,N/A,N/A,137,UDP,92,0,CLEAN,Local LAN / Gateway Environment
2775,2026-08-06 09:49:37,N/A,N/A,137,UDP,92,0,CLEAN,Local LAN / Gateway Environment
2774,2026-08-06 09:49:36,N/A,N/A,443,UDP,75,0,CLEAN,External Host (Unknown)
2772,2026-08-06 09:49:35,N/A,N/A,14,UDP,64,0,CLEAN,Local LAN / Private Subnet
2771,2026-08-06 09:38:23,N/A,N/A,22,TCP,74,0,CLEAN,Local LAN / Gateway Environment
2770,2026-08-06 09:38:23,N/A,N/A,22,TCP,74,0,CLEAN,Local LAN / Gateway Environment
2769,2026-08-06 09:38:23,N/A,N/A,0,IpNextHeaderProtocol(1),164,0,CLEAN,Local LAN / Gateway Environment
2768,2026-08-06 09:38:23,N/A,N/A,0,IpNextHeaderProtocol(1),164,0,CLEAN,Local LAN / Gateway Environment
2767,2026-08-06 09:38:23,N/A,N/A,0,IpNextHeaderProtocol(1),164,0,CLEAN,Local LAN / Gateway Environment
2766,2026-08-06 09:38:23,N/A,N/A,0,IpNextHeaderProtocol(1),164,0,CLEAN,Local LAN / Gateway Environment
2765,2026-08-06 09:38:23,N/A,N/A,1900,UDP,136,0,CLEAN,Local LAN / Gateway Environment
2764,2026-08-06 09:38:23,N/A,N/A,1900,UDP,136,0,CLEAN,Local LAN / Gateway Environment
2763,2026-08-06 09:38:23,N/A,N/A,1900,UDP,136,0,CLEAN,Local LAN / Gateway Environment
2762,2026-08-06 09:38:23,N/A,N/A,1900,UDP,136,0,CLEAN,Local LAN / Gateway Environment
2761,2026-08-06 09:38:23,N/A,N/A,1900,UDP,136,0,CLEAN,Local LAN / Gateway Environment
2760,2026-08-06 09:38:23,N/A,N/A,0,IpNextHeaderProtocol(1),164,0,CLEAN,Local LAN / Gateway Environment
2759,2026-08-06 09:38:23,N/A,N/A,1900,UDP,136,0,CLEAN,Local LAN / Gateway Environment
2758,2026-08-06 09:38:23,N/A,N/A,1900,UDP,136,0,CLEAN,Local LAN / Gateway Environment
2757,2026-08-06 09:38:23,N/A,N/A,1900,UDP,136,0,CLEAN,Local LAN / Gateway Environment
2756,2026-08-06 09:38:23,N/A,N/A,1900,UDP,136,0,CLEAN,Local LAN / Gateway Environment
2755,2026-08-06 09:38:23,N/A,N/A,1900,UDP,136,0,CLEAN,Local LAN / Gateway Environment
2754,2026-08-06 09:38:23,N/A,N/A,1900,UDP,136,0,CLEAN,Local LAN / Gateway Environment
2753,2026-08-06 09:38:21,N/A,N/A,0,IpNextHeaderProtocol(1),98,0,CLEAN,Local LAN / Gateway Environment
2752,2026-08-06 09:38:21,N/A,N/A,0,IpNextHeaderProtocol(1),98,0,CLEAN,Local LAN / Gateway Environment
2751,2026-08-06 09:38:21,N/A,N/A,0,IpNextHeaderProtocol(1),98,0,CLEAN,Local LAN / Gateway Environment
2750,2026-08-06 09:38:20,N/A,N/A,0,IpNextHeaderProtocol(1),98,0,CLEAN,Local LAN / Gateway Environment
2749,2026-08-06 09:38:20,N/A,N/A,0,IpNextHeaderProtocol(1),98,0,CLEAN,Local LAN / Gateway Environment
2748,2026-08-06 09:38:20,N/A,N/A,0,IpNextHeaderProtocol(1),98,0,CLEAN,Local LAN / Gateway Environment
2747,2026-08-06 09:38:20,N/A,N/A,0,IpNextHeaderProtocol(1),98,0,CLEAN,Local LAN / Gateway Environment
2746,2026-08-06 09:38:20,N/A,N/A,0,IpNextHeaderProtocol(1),98,0,CLEAN,Local LAN / Gateway Environment
2745,2026-08-06 09:38:19,N/A,N/A,0,IpNextHeaderProtocol(1),98,0,CLEAN,Local LAN / Gateway Environment
2744,2026-08-06 09:38:19,N/A,N/A,0,IpNextHeaderProtocol(1),98,0,CLEAN,Local LAN / Gateway Environment
2743,2026-08-06 09:38:19,N/A,N/A,0,IpNextHeaderProtocol(1),98,0,CLEAN,Local LAN / Gateway Environment
2742,2026-08-06 09:38:18,N/A,N/A,0,IpNextHeaderProtocol(1),98,0,CLEAN,Local LAN / Gateway Environment
2741,2026-08-06 09:38:18,N/A,N/A,0,IpNextHeaderProtocol(1),98,0,CLEAN,Local LAN / Gateway Environment
2740,2026-08-06 09:38:18,N/A,N/A,0,IpNextHeaderProtocol(1),98,0,CLEAN,Local LAN / Gateway Environment
2739,2026-08-06 09:38:18,N/A,N/A,0,IpNextHeaderProtocol(1),98,0,CLEAN,Local LAN / Gateway Environment
2738,2026-08-06 09:38:18,N/A,N/A,0,IpNextHeaderProtocol(1),98,0,CLEAN,Local LAN / Gateway Environment
2737,2026-08-06 09:38:17,N/A,N/A,0,IpNextHeaderProtocol(1),98,0,CLEAN,Local LAN / Gateway Environment
2736,2026-08-06 09:38:17,N/A,N/A,0,IpNextHeaderProtocol(1),98,0,CLEAN,Local LAN / Gateway Environment
2735,2026-08-06 09:38:16,N/A,N/A,443,UDP,75,0,CLEAN,External Host (Unknown)
2734,2026-08-06 09:38:16,N/A,N/A,51384,UDP,316,0,CLEAN,Local LAN / Gateway Environment
2733,2026-08-06 09:38:16,N/A,N/A,51384,UDP,316,0,CLEAN,Local LAN / Gateway Environment
2732,2026-08-06 09:38:14,N/A,N/A,14,UDP,64,0,CLEAN,Local LAN / Private Subnet
2731,2026-08-06 09:38:12,N/A,N/A,51384,UDP,66,0,CLEAN,Local LAN / Gateway Environment
2730,2026-08-06 09:38:12,N/A,N/A,443,UDP,71,0,CLEAN,External Host (Unknown)
2729,2026-08-06 09:38:11,N/A,N/A,161,UDP,104,0,CLEAN,Local LAN / Gateway Environment
2728,2026-08-06 09:38:07,N/A,N/A,5678,UDP,159,0,CLEAN,Local LAN / Private Subnet
2727,2026-08-06 09:38:06,N/A,N/A,59428,UDP,98,0,CLEAN,Local LAN / Gateway Environment
2726,2026-08-06 09:38:06,N/A,N/A,48091,UDP,98,0,CLEAN,Local LAN / Gateway Environment
2725,2026-08-06 09:38:06,N/A,N/A,53,UDP,98,0,CLEAN,Local LAN / Gateway Environment
2724,2026-08-06 09:38:06,N/A,N/A,53,UDP,98,0,CLEAN,Local LAN / Gateway Environment
2723,2026-08-06 09:38:05,N/A,N/A,5353,UDP,87,0,CLEAN,Local LAN / Gateway Environment
2722,2026-08-06 09:38:05,N/A,N/A,5353,UDP,87,0,CLEAN,Local LAN / Gateway Environment
2721,2026-08-06 09:38:05,N/A,N/A,137,UDP,92,0,CLEAN,Local LAN / Gateway Environment
2720,2026-08-06 09:38:05,N/A,N/A,137,UDP,92,0,CLEAN,Local LAN / Gateway Environment
2719,2026-08-06 09:38:05,N/A,N/A,43923,UDP,97,0,CLEAN,Local LAN / Gateway Environment
2718,2026-08-06 09:38:05,N/A,N/A,53,UDP,97,0,CLEAN,Local LAN / Gateway Environment
2717,2026-08-06 09:38:04,N/A,N/A,14,UDP,64,0,CLEAN,Local LAN / Private Subnet
2716,2026-08-06 09:38:04,N/A,N/A,60552,UDP,96,0,CLEAN,Local LAN / Gateway Environment
2715,2026-08-06 09:38:04,N/A,N/A,53,UDP,96,0,CLEAN,Local LAN / Gateway Environment
2714,2026-08-06 09:38:04,N/A,N/A,5353,UDP,86,0,CLEAN,Local LAN / Gateway Environment
2713,2026-08-06 09:38:04,N/A,N/A,5353,UDP,85,0,CLEAN,Local LAN / Gateway Environment
2712,2026-08-06 09:38:04,N/A,N/A,0,IpNextHeaderProtocol(1),98,0,CLEAN,Local LAN / Gateway Environment
2711,2026-08-06 09:38:04,N/A,N/A,137,UDP,92,0,CLEAN,Local LAN / Gateway Environment
2710,2026-08-06 09:38:04,N/A,N/A,0,IpNextHeaderProtocol(1),98,0,CLEAN,Local LAN / Gateway Environment
2709,2026-08-06 09:38:04,N/A,N/A,53996,UDP,98,0,CLEAN,Local LAN / Gateway Environment
2708,2026-08-06 09:38:04,N/A,N/A,53,UDP,98,0,CLEAN,Local LAN / Gateway Environment
2707,2026-08-06 09:38:04,N/A,N/A,0,IpNextHeaderProtocol(1),115,0,CLEAN,Local LAN / Gateway Environment
2706,2026-08-06 09:38:04,N/A,N/A,137,UDP,92,0,CLEAN,Local LAN / Gateway Environment
2705,2026-08-06 09:38:04,N/A,N/A,62078,TCP,74,0,CLEAN,Local LAN / Gateway Environment
2704,2026-08-06 09:38:04,N/A,N/A,62078,TCP,74,0,CLEAN,Local LAN / Gateway Environment
2703,2026-08-06 09:38:04,N/A,N/A,62078,TCP,74,0,CLEAN,Local LAN / Gateway Environment
2702,2026-08-06 09:38:04,N/A,N/A,45917,UDP,97,0,CLEAN,Local LAN / Gateway Environment
2701,2026-08-06 09:38:04,N/A,N/A,53,UDP,97,0,CLEAN,Local LAN / Gateway Environment
2700,2026-08-06 09:38:04,N/A,N/A,45698,UDP,98,0,CLEAN,Local LAN / Gateway Environment
2699,2026-08-06 09:38:04,N/A,N/A,33318,UDP,199,0,CLEAN,Local LAN / Gateway Environment
2698,2026-08-06 09:38:04,N/A,N/A,53,UDP,98,0,CLEAN,Local LAN / Gateway Environment
2697,2026-08-06 09:38:04,N/A,N/A,56237,UDP,97,0,CLEAN,Local LAN / Gateway Environment
2696,2026-08-06 09:38:04,N/A,N/A,32983,UDP,98,0,CLEAN,Local LAN / Gateway Environment
2695,2026-08-06 09:38:04,N/A,N/A,57342,UDP,97,0,CLEAN,Local LAN / Gateway Environment
2694,2026-08-06 09:38:04,N/A,N/A,0,IpNextHeaderProtocol(1),114,0,CLEAN,Local LAN / Gateway Environment
2693,2026-08-06 09:38:04,N/A,N/A,53,UDP,97,0,CLEAN,Local LAN / Gateway Environment
2692,2026-08-06 09:38:04,N/A,N/A,53,UDP,97,0,CLEAN,Local LAN / Gateway Environment
2691,2026-08-06 09:38:04,N/A,N/A,53,UDP,98,0,CLEAN,Local LAN / Gateway Environment
2690,2026-08-06 09:38:04,N/A,N/A,49736,UDP,98,0,CLEAN,Local LAN / Gateway Environment
2689,2026-08-06 09:38:04,N/A,N/A,5353,UDP,87,0,CLEAN,Local LAN / Gateway Environment
2688,2026-08-06 09:38:04,N/A,N/A,137,UDP,92,0,CLEAN,Local LAN / Gateway Environment
2687,2026-08-06 09:38:04,N/A,N/A,43662,UDP,199,0,CLEAN,Local LAN / Gateway Environment
2686,2026-08-06 09:38:04,N/A,N/A,137,UDP,92,0,CLEAN,Local LAN / Gateway Environment
2685,2026-08-06 09:38:04,N/A,N/A,53,UDP,98,0,CLEAN,Local LAN / Gateway Environment
2684,2026-08-06 09:38:04,N/A,N/A,62078,TCP,74,0,CLEAN,Local LAN / Gateway Environment
2683,2026-08-06 09:38:04,N/A,N/A,5555,TCP,74,0,CLEAN,Local LAN / Gateway Environment
2682,2026-08-06 09:38:04,N/A,N/A,5555,TCP,74,0,CLEAN,Local LAN / Gateway Environment
2681,2026-08-06 09:38:04,N/A,N/A,5555,TCP,74,0,CLEAN,Local LAN / Gateway Environment
2680,2026-08-06 09:38:03,N/A,N/A,5353,UDP,86,0,CLEAN,Local LAN / Gateway Environment
2679,2026-08-06 09:38:03,N/A,N/A,62078,TCP,74,0,CLEAN,Local LAN / Gateway Environment
2678,2026-08-06 09:38:03,N/A,N/A,62078,TCP,74,0,CLEAN,Local LAN / Gateway Environment
2677,2026-08-06 09:38:03,N/A,N/A,5555,TCP,74,0,CLEAN,Local LAN / Gateway Environment
2676,2026-08-06 09:38:03,N/A,N/A,445,TCP,74,0,CLEAN,Local LAN / Gateway Environment
2675,2026-08-06 09:38:03,N/A,N/A,445,TCP,74,0,CLEAN,Local LAN / Gateway Environment
2674,2026-08-06 09:38:03,N/A,N/A,445,TCP,74,0,CLEAN,Local LAN / Gateway Environment
2673,2026-08-06 09:38:03,N/A,N/A,5353,UDP,87,0,CLEAN,Local LAN / Gateway Environment
2672,2026-08-06 09:38:03,N/A,N/A,0,IpNextHeaderProtocol(1),114,0,CLEAN,Local LAN / Gateway Environment
2671,2026-08-06 09:38:03,N/A,N/A,5353,UDP,86,0,CLEAN,Local LAN / Gateway Environment
2670,2026-08-06 09:38:03,N/A,N/A,0,IpNextHeaderProtocol(1),115,0,CLEAN,Local LAN / Gateway Environment
2669,2026-08-06 09:38:03,N/A,N/A,0,IpNextHeaderProtocol(1),114,0,CLEAN,Local LAN / Gateway Environment
2668,2026-08-06 09:38:03,N/A,N/A,5353,UDP,86,0,CLEAN,Local LAN / Gateway Environment
2667,2026-08-06 09:38:03,N/A,N/A,5353,UDP,87,0,CLEAN,Local LAN / Gateway Environment
2666,2026-08-06 09:38:03,N/A,N/A,0,IpNextHeaderProtocol(1),120,0,CLEAN,Local LAN / Gateway Environment
2665,2026-08-06 09:38:03,N/A,N/A,137,UDP,92,0,CLEAN,Local LAN / Gateway Environment
2664,2026-08-06 09:38:03,N/A,N/A,0,IpNextHeaderProtocol(1),98,0,CLEAN,Local LAN / Gateway Environment
2663,2026-08-06 09:38:03,N/A,N/A,0,IpNextHeaderProtocol(1),98,0,CLEAN,Local LAN / Gateway Environment
2662,2026-08-06 09:38:03,N/A,N/A,52044,TCP,54,0,CLEAN,Local LAN / Gateway Environment
2661,2026-08-06 09:38:03,N/A,N/A,62078,TCP,74,0,CLEAN,Local LAN / Gateway Environment
2660,2026-08-06 09:38:03,N/A,N/A,40936,TCP,54,0,CLEAN,Local LAN / Gateway Environment
2659,2026-08-06 09:38:03,N/A,N/A,5555,TCP,74,0,CLEAN,Local LAN / Gateway Environment
2658,2026-08-06 09:38:03,N/A,N/A,36288,TCP,54,0,CLEAN,Local LAN / Gateway Environment
2657,2026-08-06 09:38:03,N/A,N/A,445,TCP,74,0,CLEAN,Local LAN / Gateway Environment
2656,2026-08-06 09:38:03,N/A,N/A,35466,TCP,54,0,CLEAN,Local LAN / Gateway Environment
2655,2026-08-06 09:38:03,N/A,N/A,45980,TCP,54,0,CLEAN,Local LAN / Gateway Environment
2654,2026-08-06 09:38:03,N/A,N/A,0,IpNextHeaderProtocol(1),164,0,CLEAN,Local LAN / Gateway Environment
2653,2026-08-06 09:38:03,N/A,N/A,35052,TCP,54,0,CLEAN,Local LAN / Gateway Environment
2652,2026-08-06 09:38:03,N/A,N/A,5555,TCP,74,0,CLEAN,Local LAN / Gateway Environment
2651,2026-08-06 09:38:03,N/A,N/A,445,TCP,54,0,CLEAN,Local LAN / Gateway Environment
2650,2026-08-06 09:38:03,N/A,N/A,135,TCP,54,0,CLEAN,Local LAN / Gateway Environment
2649,2026-08-06 09:38:03,N/A,N/A,445,TCP,54,0,CLEAN,Local LAN / Gateway Environment
2648,2026-08-06 09:38:03,N/A,N/A,39894,TCP,54,0,CLEAN,Local LAN / Gateway Environment
2647,2026-08-06 09:38:03,N/A,N/A,39894,TCP,54,0,CLEAN,Local LAN / Gateway Environment
2646,2026-08-06 09:38:03,N/A,N/A,35052,TCP,66,0,CLEAN,Local LAN / Gateway Environment
2645,2026-08-06 09:38:03,N/A,N/A,445,TCP,74,0,CLEAN,Local LAN / Gateway Environment
2644,2026-08-06 09:38:03,N/A,N/A,135,TCP,54,0,CLEAN,Local LAN / Gateway Environment
2643,2026-08-06 09:38:03,N/A,N/A,135,TCP,54,0,CLEAN,Local LAN / Gateway Environment
2642,2026-08-06 09:38:03,N/A,N/A,39894,TCP,66,0,CLEAN,Local LAN / Gateway Environment
2641,2026-08-06 09:38:03,N/A,N/A,48552,TCP,60,0,CLEAN,Local LAN / Gateway Environment
2640,2026-08-06 09:38:03,N/A,N/A,48552,TCP,60,0,CLEAN,Local LAN / Gateway Environment
2639,2026-08-06 09:38:03,N/A,N/A,5555,TCP,74,0,CLEAN,Local LAN / Gateway Environment
2638,2026-08-06 09:38:03,N/A,N/A,135,TCP,54,0,CLEAN,Local LAN / Gateway Environment
2637,2026-08-06 09:38:03,N/A,N/A,445,TCP,54,0,CLEAN,Local LAN / Gateway Environment
2636,2026-08-06 09:38:03,N/A,N/A,445,TCP,54,0,CLEAN,Local LAN / Gateway Environment
2635,2026-08-06 09:38:03,N/A,N/A,56812,TCP,60,0,CLEAN,Local LAN / Gateway Environment
2634,2026-08-06 09:38:03,N/A,N/A,56812,TCP,60,0,CLEAN,Local LAN / Gateway Environment
2633,2026-08-06 09:38:03,N/A,N/A,48552,TCP,66,0,CLEAN,Local LAN / Gateway Environment
2632,2026-08-06 09:38:03,N/A,N/A,445,TCP,74,0,CLEAN,Local LAN / Gateway Environment
2631,2026-08-06 09:38:03,N/A,N/A,135,TCP,74,0,CLEAN,Local LAN / Gateway Environment
2630,2026-08-06 09:38:03,N/A,N/A,445,TCP,74,0,CLEAN,Local LAN / Gateway Environment
2629,2026-08-06 09:38:03,N/A,N/A,135,TCP,54,0,CLEAN,Local LAN / Gateway Environment
2628,2026-08-06 09:38:03,N/A,N/A,135,TCP,54,0,CLEAN,Local LAN / Gateway Environment
2627,2026-08-06 09:38:03,N/A,N/A,56812,TCP,66,0,CLEAN,Local LAN / Gateway Environment
2626,2026-08-06 09:38:03,N/A,N/A,135,TCP,74,0,CLEAN,Local LAN / Gateway Environment
2625,2026-08-06 09:38:03,N/A,N/A,135,TCP,74,0,CLEAN,Local LAN / Gateway Environment
2624,2026-08-06 09:38:03,N/A,N/A,135,TCP,74,0,CLEAN,Local LAN / Gateway Environment
2623,2026-08-06 09:38:03,N/A,N/A,135,TCP,74,0,CLEAN,Local LAN / Gateway Environment
2622,2026-08-06 09:38:03,N/A,N/A,135,TCP,74,0,CLEAN,Local LAN / Gateway Environment
2621,2026-08-06 09:38:03,N/A,N/A,0,IpNextHeaderProtocol(1),120,0,CLEAN,Local LAN / Gateway Environment
2620,2026-08-06 09:38:03,N/A,N/A,137,UDP,92,0,CLEAN,Local LAN / Gateway Environment
2619,2026-08-06 09:38:03,N/A,N/A,0,IpNextHeaderProtocol(1),98,0,CLEAN,Local LAN / Gateway Environment
2618,2026-08-06 09:38:03,N/A,N/A,0,IpNextHeaderProtocol(1),98,0,CLEAN,Local LAN / Gateway Environment
2617,2026-08-06 09:38:03,N/A,N/A,59198,TCP,60,0,CLEAN,Local LAN / Gateway Environment
2616,2026-08-06 09:38:03,N/A,N/A,62078,TCP,74,0,CLEAN,Local LAN / Gateway Environment
2615,2026-08-06 09:38:03,N/A,N/A,33218,TCP,60,0,CLEAN,Local LAN / Gateway Environment
2614,2026-08-06 09:38:03,N/A,N/A,5555,TCP,74,0,CLEAN,Local LAN / Gateway Environment
2613,2026-08-06 09:38:03,N/A,N/A,53596,TCP,60,0,CLEAN,Local LAN / Gateway Environment
2612,2026-08-06 09:38:03,N/A,N/A,445,TCP,74,0,CLEAN,Local LAN / Gateway Environment
2611,2026-08-06 09:38:03,N/A,N/A,48786,TCP,60,0,CLEAN,Local LAN / Gateway Environment
2610,2026-08-06 09:38:03,N/A,N/A,135,TCP,74,0,CLEAN,Local LAN / Gateway Environment
2609,2026-08-06 09:38:03,N/A,N/A,39160,TCP,60,0,CLEAN,Local LAN / Gateway Environment
2608,2026-08-06 09:38:03,N/A,N/A,0,IpNextHeaderProtocol(1),120,0,CLEAN,Local LAN / Gateway Environment
2607,2026-08-06 09:38:03,N/A,N/A,137,UDP,92,0,CLEAN,Local LAN / Gateway Environment
2606,2026-08-06 09:38:03,N/A,N/A,0,IpNextHeaderProtocol(1),98,0,CLEAN,Local LAN / Gateway Environment
2605,2026-08-06 09:38:03,N/A,N/A,0,IpNextHeaderProtocol(1),98,0,CLEAN,Local LAN / Gateway Environment
2604,2026-08-06 09:38:03,N/A,N/A,47348,TCP,54,0,CLEAN,Local LAN / Gateway Environment
2603,2026-08-06 09:38:03,N/A,N/A,22,TCP,54,0,CLEAN,Local LAN / Gateway Environment
2602,2026-08-06 09:38:03,N/A,N/A,22,TCP,54,0,CLEAN,Local LAN / Gateway Environment
2601,2026-08-06 09:38:03,N/A,N/A,46288,TCP,66,0,CLEAN,Local LAN / Gateway Environment
2600,2026-08-06 09:38:03,N/A,N/A,46288,TCP,82,0,CLEAN,Local LAN / Gateway Environment
2599,2026-08-06 09:38:03,N/A,N/A,62078,TCP,74,0,CLEAN,Local LAN / Gateway Environment
2598,2026-08-06 09:38:03,N/A,N/A,44768,TCP,54,0,CLEAN,Local LAN / Gateway Environment
2597,2026-08-06 09:38:03,N/A,N/A,22,TCP,54,0,CLEAN,Local LAN / Gateway Environment
2596,2026-08-06 09:38:03,N/A,N/A,57568,TCP,54,0,CLEAN,Local LAN / Gateway Environment
2595,2026-08-06 09:38:03,N/A,N/A,0,IpNextHeaderProtocol(1),120,0,CLEAN,Local LAN / Gateway Environment
2594,2026-08-06 09:38:03,N/A,N/A,22,TCP,54,0,CLEAN,Local LAN / Gateway Environment
2592,2026-08-06 09:38:03,N/A,N/A,137,UDP,92,0,CLEAN,Local LAN / Gateway Environment
2591,2026-08-06 09:38:03,N/A,N/A,0,IpNextHeaderProtocol(1),98,0,CLEAN,Local LAN / Gateway Environment
2590,2026-08-06 09:38:03,N/A,N/A,0,IpNextHeaderProtocol(1),120,0,CLEAN,Local LAN / Gateway Environment
2589,2026-08-06 09:38:03,N/A,N/A,0,IpNextHeaderProtocol(1),120,0,CLEAN,Local LAN / Gateway Environment
2588,2026-08-06 09:38:03,N/A,N/A,0,IpNextHeaderProtocol(1),98,0,CLEAN,Local LAN / Gateway Environment
2587,2026-08-06 09:38:03,N/A,N/A,137,UDP,92,0,CLEAN,Local LAN / Gateway Environment
2586,2026-08-06 09:38:03,N/A,N/A,137,UDP,92,0,CLEAN,Local LAN / Gateway Environment
2585,2026-08-06 09:38:03,N/A,N/A,0,IpNextHeaderProtocol(1),98,0,CLEAN,Local LAN / Gateway Environment
2584,2026-08-06 09:38:03,N/A,N/A,0,IpNextHeaderProtocol(1),98,0,CLEAN,Local LAN / Gateway Environment
2583,2026-08-06 09:38:03,N/A,N/A,0,IpNextHeaderProtocol(1),98,0,CLEAN,Local LAN / Gateway Environment
2582,2026-08-06 09:38:03,N/A,N/A,0,IpNextHeaderProtocol(1),98,0,CLEAN,Local LAN / Gateway Environment
2581,2026-08-06 09:38:03,N/A,N/A,5555,TCP,74,0,CLEAN,Local LAN / Gateway Environment
2580,2026-08-06 09:38:03,N/A,N/A,50700,TCP,54,0,CLEAN,Local LAN / Gateway Environment
2579,2026-08-06 09:38:03,N/A,N/A,22,TCP,54,0,CLEAN,Local LAN / Gateway Environment
2578,2026-08-06 09:38:03,N/A,N/A,22,TCP,54,0,CLEAN,Local LAN / Gateway Environment
2577,2026-08-06 09:38:03,N/A,N/A,42698,TCP,66,0,CLEAN,Local LAN / Gateway Environment
2576,2026-08-06 09:38:03,N/A,N/A,42698,TCP,87,0,CLEAN,Local LAN / Gateway Environment
2575,2026-08-06 09:38:03,N/A,N/A,47694,TCP,60,0,CLEAN,Local LAN / Gateway Environment
2574,2026-08-06 09:38:03,N/A,N/A,22,TCP,54,0,CLEAN,Local LAN / Gateway Environment
2573,2026-08-06 09:38:03,N/A,N/A,22,TCP,54,0,CLEAN,Local LAN / Gateway Environment
2572,2026-08-06 09:38:03,N/A,N/A,37794,TCP,60,0,CLEAN,Local LAN / Gateway Environment
2570,2026-08-06 09:38:03,N/A,N/A,62078,TCP,74,0,CLEAN,Local LAN / Gateway Environment
2569,2026-08-06 09:38:03,N/A,N/A,445,TCP,74,0,CLEAN,Local LAN / Gateway Environment
2568,2026-08-06 09:38:03,N/A,N/A,56452,TCP,60,0,CLEAN,Local LAN / Gateway Environment
2567,2026-08-06 09:38:03,N/A,N/A,41408,TCP,60,0,CLEAN,Local LAN / Gateway Environment
2566,2026-08-06 09:38:03,N/A,N/A,45502,TCP,54,0,CLEAN,Local LAN / Gateway Environment
2565,2026-08-06 09:38:03,N/A,N/A,38334,TCP,54,0,CLEAN,Local LAN / Gateway Environment
2564,2026-08-06 09:38:03,N/A,N/A,5555,TCP,74,0,CLEAN,Local LAN / Gateway Environment
2563,2026-08-06 09:38:03,N/A,N/A,46288,TCP,66,0,CLEAN,Local LAN / Gateway Environment
2562,2026-08-06 09:38:03,N/A,N/A,62078,TCP,74,0,CLEAN,Local LAN / Gateway Environment
2561,2026-08-06 09:38:03,N/A,N/A,62078,TCP,74,0,CLEAN,Local LAN / Gateway Environment
2560,2026-08-06 09:38:03,N/A,N/A,57824,TCP,60,0,CLEAN,Local LAN / Gateway Environment
2559,2026-08-06 09:38:03,N/A,N/A,37166,TCP,54,0,CLEAN,Local LAN / Gateway Environment
2558,2026-08-06 09:38:03,N/A,N/A,51672,TCP,60,0,CLEAN,Local LAN / Gateway Environment
2557,2026-08-06 09:38:03,N/A,N/A,57568,TCP,54,0,CLEAN,Local LAN / Gateway Environment
2556,2026-08-06 09:38:03,N/A,N/A,5555,TCP,74,0,CLEAN,Local LAN / Gateway Environment
2555,2026-08-06 09:38:03,N/A,N/A,54488,TCP,54,0,CLEAN,Local LAN / Gateway Environment
2554,2026-08-06 09:38:03,N/A,N/A,5555,TCP,74,0,CLEAN,Local LAN / Gateway Environment
2553,2026-08-06 09:38:03,N/A,N/A,43180,TCP,60,0,CLEAN,Local LAN / Gateway Environment
2552,2026-08-06 09:38:03,N/A,N/A,37794,TCP,60,0,CLEAN,Local LAN / Gateway Environment
2551,2026-08-06 09:38:03,N/A,N/A,445,TCP,74,0,CLEAN,Local LAN / Gateway Environment
2550,2026-08-06 09:38:03,N/A,N/A,135,TCP,74,0,CLEAN,Local LAN / Gateway Environment
2549,2026-08-06 09:38:03,N/A,N/A,445,TCP,74,0,CLEAN,Local LAN / Gateway Environment
2548,2026-08-06 09:38:03,N/A,N/A,445,TCP,74,0,CLEAN,Local LAN / Gateway Environment
2547,2026-08-06 09:38:03,N/A,N/A,44138,TCP,60,0,CLEAN,Local LAN / Gateway Environment
2546,2026-08-06 09:38:03,N/A,N/A,42116,TCP,54,0,CLEAN,Local LAN / Gateway Environment
2545,2026-08-06 09:38:03,N/A,N/A,55220,TCP,54,0,CLEAN,Local LAN / Gateway Environment
2544,2026-08-06 09:38:03,N/A,N/A,42698,TCP,66,0,CLEAN,Local LAN / Gateway Environment
2543,2026-08-06 09:38:03,N/A,N/A,57726,TCP,60,0,CLEAN,Local LAN / Gateway Environment
2542,2026-08-06 09:38:03,N/A,N/A,135,TCP,74,0,CLEAN,Local LAN / Gateway Environment
2541,2026-08-06 09:38:03,N/A,N/A,22,TCP,54,0,CLEAN,Local LAN / Gateway Environment
2540,2026-08-06 09:38:03,N/A,N/A,22,TCP,54,0,CLEAN,Local LAN / Gateway Environment
2539,2026-08-06 09:38:03,N/A,N/A,57568,TCP,66,0,CLEAN,Local LAN / Gateway Environment
2538,2026-08-06 09:38:03,N/A,N/A,135,TCP,74,0,CLEAN,Local LAN / Gateway Environment
2537,2026-08-06 09:38:03,N/A,N/A,135,TCP,74,0,CLEAN,Local LAN / Gateway Environment
2536,2026-08-06 09:38:03,N/A,N/A,22,TCP,66,0,CLEAN,Local LAN / Gateway Environment
2535,2026-08-06 09:38:03,N/A,N/A,22,TCP,66,0,CLEAN,Local LAN / Gateway Environment
2534,2026-08-06 09:38:03,N/A,N/A,22,TCP,66,0,CLEAN,Local LAN / Gateway Environment
2533,2026-08-06 09:38:03,N/A,N/A,22,TCP,66,0,CLEAN,Local LAN / Gateway Environment
2532,2026-08-06 09:38:03,N/A,N/A,46288,TCP,74,0,CLEAN,Local LAN / Gateway Environment
2531,2026-08-06 09:38:03,N/A,N/A,42698,TCP,74,0,CLEAN,Local LAN / Gateway Environment
2530,2026-08-06 09:38:03,N/A,N/A,22,TCP,74,0,CLEAN,Local LAN / Gateway Environment
2529,2026-08-06 09:38:03,N/A,N/A,135,TCP,74,0,CLEAN,Local LAN / Gateway Environment
2528,2026-08-06 09:38:03,N/A,N/A,22,TCP,74,0,CLEAN,Local LAN / Gateway Environment
2527,2026-08-06 09:38:03,N/A,N/A,22,TCP,54,0,CLEAN,Local LAN / Gateway Environment
2526,2026-08-06 09:38:03,N/A,N/A,22,TCP,74,0,CLEAN,Local LAN / Gateway Environment
2525,2026-08-06 09:38:03,N/A,N/A,22,TCP,74,0,CLEAN,Local LAN / Gateway Environment
2524,2026-08-06 09:38:03,N/A,N/A,22,TCP,74,0,CLEAN,Local LAN / Gateway Environment
2523,2026-08-06 09:38:03,N/A,N/A,22,TCP,74,0,CLEAN,Local LAN / Gateway Environment
2522,2026-08-06 09:38:03,N/A,N/A,22,TCP,54,0,CLEAN,Local LAN / Gateway Environment
2521,2026-08-06 09:38:03,N/A,N/A,37794,TCP,66,0,CLEAN,Local LAN / Gateway Environment
2520,2026-08-06 09:38:03,N/A,N/A,22,TCP,74,0,CLEAN,Local LAN / Gateway Environment
2519,2026-08-06 09:38:03,N/A,N/A,22,TCP,74,0,CLEAN,Local LAN / Gateway Environment
2518,2026-08-06 09:38:03,N/A,N/A,22,TCP,74,0,CLEAN,Local LAN / Gateway Environment
2517,2026-08-06 09:38:03,N/A,N/A,22,TCP,74,0,CLEAN,Local LAN / Gateway Environment
2516,2026-08-06 09:38:03,N/A,N/A,22,TCP,74,0,CLEAN,Local LAN / Gateway Environment
2515,2026-08-06 09:38:03,N/A,N/A,22,TCP,74,0,CLEAN,Local LAN / Gateway Environment
2514,2026-08-06 09:38:03,N/A,N/A,0,IpNextHeaderProtocol(1),164,0,CLEAN,Local LAN / Gateway Environment
2513,2026-08-06 09:38:03,N/A,N/A,0,IpNextHeaderProtocol(1),164,0,CLEAN,Local LAN / Gateway Environment
2512,2026-08-06 09:38:03,N/A,N/A,0,IpNextHeaderProtocol(1),164,0,CLEAN,Local LAN / Gateway Environment
2511,2026-08-06 09:38:03,N/A,N/A,0,IpNextHeaderProtocol(1),164,0,CLEAN,Local LAN / Gateway Environment
2510,2026-08-06 09:38:03,N/A,N/A,0,IpNextHeaderProtocol(1),164,0,CLEAN,Local LAN / Gateway Environment
2509,2026-08-06 09:38:03,N/A,N/A,1900,UDP,136,0,CLEAN,Local LAN / Gateway Environment
2508,2026-08-06 09:38:03,N/A,N/A,1900,UDP,136,0,CLEAN,Local LAN / Gateway Environment
2507,2026-08-06 09:38:03,N/A,N/A,1900,UDP,136,0,CLEAN,Local LAN / Gateway Environment
2506,2026-08-06 09:38:03,N/A,N/A,1900,UDP,136,0,CLEAN,Local LAN / Gateway Environment
2505,2026-08-06 09:38:03,N/A,N/A,1900,UDP,136,0,CLEAN,Local LAN / Gateway Environment
2504,2026-08-06 09:38:03,N/A,N/A,1900,UDP,136,0,CLEAN,Local LAN / Gateway Environment
2503,2026-08-06 09:38:03,N/A,N/A,1900,UDP,136,0,CLEAN,Local LAN / Gateway Environment
2502,2026-08-06 09:38:03,N/A,N/A,1900,UDP,136,0,CLEAN,Local LAN / Gateway Environment
2501,2026-08-06 09:38:03,N/A,N/A,1900,UDP,136,0,CLEAN,Local LAN / Gateway Environment
2500,2026-08-06 09:38:03,N/A,N/A,1900,UDP,136,0,CLEAN,Local LAN / Gateway Environment
2499,2026-08-06 09:38:03,N/A,N/A,1900,UDP,136,0,CLEAN,Local LAN / Gateway Environment
2498,2026-08-06 09:38:03,N/A,N/A,1900,UDP,136,0,CLEAN,Local LAN / Gateway Environment
2497,2026-08-06 09:04:33,N/A,N/A,0,IpNextHeaderProtocol(1),98,0,CLEAN,Local LAN / Gateway Environment
2496,2026-08-06 09:04:33,N/A,N/A,45384,UDP,97,0,CLEAN,Local LAN / Gateway Environment
2495,2026-08-06 09:04:33,N/A,N/A,137,UDP,92,0,CLEAN,Local LAN / Gateway Environment
2494,2026-08-06 09:04:33,N/A,N/A,62078,TCP,74,0,CLEAN,Local LAN / Gateway Environment
2493,2026-08-06 09:04:33,N/A,N/A,53,UDP,97,0,CLEAN,Local LAN / Gateway Environment
2492,2026-08-06 09:04:33,N/A,N/A,46620,UDP,98,0,CLEAN,Local LAN / Gateway Environment
2491,2026-08-06 09:04:33,N/A,N/A,53,UDP,98,0,CLEAN,Local LAN / Gateway Environment
2490,2026-08-06 09:04:33,N/A,N/A,38160,UDP,199,0,CLEAN,Local LAN / Gateway Environment
2489,2026-08-06 09:04:33,N/A,N/A,137,UDP,92,0,CLEAN,Local LAN / Gateway Environment
2488,2026-08-06 09:04:33,N/A,N/A,0,IpNextHeaderProtocol(1),114,0,CLEAN,Local LAN / Gateway Environment
2487,2026-08-06 09:04:33,N/A,N/A,45817,UDP,98,0,CLEAN,Local LAN / Gateway Environment
2486,2026-08-06 09:04:33,N/A,N/A,46722,UDP,97,0,CLEAN,Local LAN / Gateway Environment
2485,2026-08-06 09:04:33,N/A,N/A,43926,UDP,97,0,CLEAN,Local LAN / Gateway Environment
2484,2026-08-06 09:04:33,N/A,N/A,46479,UDP,98,0,CLEAN,Local LAN / Gateway Environment
2483,2026-08-06 09:04:33,N/A,N/A,53,UDP,98,0,CLEAN,Local LAN / Gateway Environment
2482,2026-08-06 09:04:33,N/A,N/A,53,UDP,97,0,CLEAN,Local LAN / Gateway Environment
2481,2026-08-06 09:04:33,N/A,N/A,53,UDP,97,0,CLEAN,Local LAN / Gateway Environment
2480,2026-08-06 09:04:33,N/A,N/A,50979,UDP,199,0,CLEAN,Local LAN / Gateway Environment
2479,2026-08-06 09:04:33,N/A,N/A,137,UDP,92,0,CLEAN,Local LAN / Gateway Environment
2478,2026-08-06 09:04:33,N/A,N/A,53,UDP,98,0,CLEAN,Local LAN / Gateway Environment
2477,2026-08-06 09:04:33,N/A,N/A,62078,TCP,74,0,CLEAN,Local LAN / Gateway Environment
2476,2026-08-06 09:04:33,N/A,N/A,5555,TCP,74,0,CLEAN,Local LAN / Gateway Environment
2475,2026-08-06 09:04:33,N/A,N/A,14,UDP,64,0,CLEAN,Local LAN / Private Subnet
2474,2026-08-06 09:04:33,N/A,N/A,5353,UDP,86,0,CLEAN,Local LAN / Gateway Environment
2473,2026-08-06 09:04:33,N/A,N/A,62078,TCP,74,0,CLEAN,Local LAN / Gateway Environment
2472,2026-08-06 09:04:33,N/A,N/A,5353,UDP,87,0,CLEAN,Local LAN / Gateway Environment
2471,2026-08-06 09:04:33,N/A,N/A,62078,TCP,74,0,CLEAN,Local LAN / Gateway Environment
2470,2026-08-06 09:04:33,N/A,N/A,5555,TCP,74,0,CLEAN,Local LAN / Gateway Environment
2469,2026-08-06 09:04:33,N/A,N/A,445,TCP,74,0,CLEAN,Local LAN / Gateway Environment
2468,2026-08-06 09:04:33,N/A,N/A,0,IpNextHeaderProtocol(1),115,0,CLEAN,Local LAN / Gateway Environment
2467,2026-08-06 09:04:33,N/A,N/A,5353,UDP,87,0,CLEAN,Local LAN / Gateway Environment
2466,2026-08-06 09:04:33,N/A,N/A,0,IpNextHeaderProtocol(1),114,0,CLEAN,Local LAN / Gateway Environment
2465,2026-08-06 09:04:33,N/A,N/A,0,IpNextHeaderProtocol(1),114,0,CLEAN,Local LAN / Gateway Environment
2464,2026-08-06 09:04:33,N/A,N/A,5353,UDP,86,0,CLEAN,Local LAN / Gateway Environment
2463,2026-08-06 09:04:33,N/A,N/A,5353,UDP,86,0,CLEAN,Local LAN / Gateway Environment
2462,2026-08-06 09:04:33,N/A,N/A,56958,TCP,54,0,CLEAN,Local LAN / Gateway Environment
2461,2026-08-06 09:04:33,N/A,N/A,5555,TCP,74,0,CLEAN,Local LAN / Gateway Environment
2460,2026-08-06 09:04:33,N/A,N/A,445,TCP,54,0,CLEAN,Local LAN / Gateway Environment
2459,2026-08-06 09:04:33,N/A,N/A,135,TCP,54,0,CLEAN,Local LAN / Gateway Environment
2458,2026-08-06 09:04:33,N/A,N/A,445,TCP,54,0,CLEAN,Local LAN / Gateway Environment
2457,2026-08-06 09:04:33,N/A,N/A,51874,TCP,54,0,CLEAN,Local LAN / Gateway Environment
2456,2026-08-06 09:04:33,N/A,N/A,51874,TCP,54,0,CLEAN,Local LAN / Gateway Environment
2455,2026-08-06 09:04:33,N/A,N/A,56958,TCP,66,0,CLEAN,Local LAN / Gateway Environment
2454,2026-08-06 09:04:33,N/A,N/A,445,TCP,74,0,CLEAN,Local LAN / Gateway Environment
2453,2026-08-06 09:04:33,N/A,N/A,135,TCP,54,0,CLEAN,Local LAN / Gateway Environment
2452,2026-08-06 09:04:33,N/A,N/A,135,TCP,54,0,CLEAN,Local LAN / Gateway Environment
2451,2026-08-06 09:04:33,N/A,N/A,51874,TCP,66,0,CLEAN,Local LAN / Gateway Environment
2450,2026-08-06 09:04:32,N/A,N/A,32938,TCP,60,0,CLEAN,Local LAN / Gateway Environment
2449,2026-08-06 09:04:32,N/A,N/A,32938,TCP,60,0,CLEAN,Local LAN / Gateway Environment
2448,2026-08-06 09:04:32,N/A,N/A,5555,TCP,74,0,CLEAN,Local LAN / Gateway Environment
2447,2026-08-06 09:04:32,N/A,N/A,445,TCP,54,0,CLEAN,Local LAN / Gateway Environment
2446,2026-08-06 09:04:32,N/A,N/A,135,TCP,54,0,CLEAN,Local LAN / Gateway Environment
2445,2026-08-06 09:04:32,N/A,N/A,445,TCP,54,0,CLEAN,Local LAN / Gateway Environment
2444,2026-08-06 09:04:32,N/A,N/A,60082,TCP,60,0,CLEAN,Local LAN / Gateway Environment
2443,2026-08-06 09:04:32,N/A,N/A,32938,TCP,66,0,CLEAN,Local LAN / Gateway Environment
2442,2026-08-06 09:04:32,N/A,N/A,60082,TCP,60,0,CLEAN,Local LAN / Gateway Environment
2441,2026-08-06 09:04:32,N/A,N/A,445,TCP,74,0,CLEAN,Local LAN / Gateway Environment
2440,2026-08-06 09:04:32,N/A,N/A,135,TCP,54,0,CLEAN,Local LAN / Gateway Environment
2439,2026-08-06 09:04:32,N/A,N/A,135,TCP,54,0,CLEAN,Local LAN / Gateway Environment
2438,2026-08-06 09:04:32,N/A,N/A,60082,TCP,66,0,CLEAN,Local LAN / Gateway Environment
2437,2026-08-06 09:04:32,N/A,N/A,445,TCP,74,0,CLEAN,Local LAN / Gateway Environment
2436,2026-08-06 09:04:32,N/A,N/A,135,TCP,74,0,CLEAN,Local LAN / Gateway Environment
2435,2026-08-06 09:04:32,N/A,N/A,135,TCP,74,0,CLEAN,Local LAN / Gateway Environment
2434,2026-08-06 09:04:32,N/A,N/A,135,TCP,74,0,CLEAN,Local LAN / Gateway Environment
2433,2026-08-06 09:04:32,N/A,N/A,0,IpNextHeaderProtocol(1),120,0,CLEAN,Local LAN / Gateway Environment
2432,2026-08-06 09:04:32,N/A,N/A,137,UDP,92,0,CLEAN,Local LAN / Gateway Environment
2431,2026-08-06 09:04:32,N/A,N/A,0,IpNextHeaderProtocol(1),98,0,CLEAN,Local LAN / Gateway Environment
2430,2026-08-06 09:04:32,N/A,N/A,0,IpNextHeaderProtocol(1),98,0,CLEAN,Local LAN / Gateway Environment
2429,2026-08-06 09:04:32,N/A,N/A,59746,TCP,60,0,CLEAN,Local LAN / Gateway Environment
2428,2026-08-06 09:04:32,N/A,N/A,62078,TCP,74,0,CLEAN,Local LAN / Gateway Environment
2427,2026-08-06 09:04:32,N/A,N/A,36380,TCP,60,0,CLEAN,Local LAN / Gateway Environment
2426,2026-08-06 09:04:32,N/A,N/A,5555,TCP,74,0,CLEAN,Local LAN / Gateway Environment
2425,2026-08-06 09:04:32,N/A,N/A,46590,TCP,60,0,CLEAN,Local LAN / Gateway Environment
2424,2026-08-06 09:04:32,N/A,N/A,445,TCP,74,0,CLEAN,Local LAN / Gateway Environment
2423,2026-08-06 09:04:32,N/A,N/A,52386,TCP,60,0,CLEAN,Local LAN / Gateway Environment
2422,2026-08-06 09:04:32,N/A,N/A,135,TCP,74,0,CLEAN,Local LAN / Gateway Environment
2421,2026-08-06 09:04:32,N/A,N/A,40558,TCP,60,0,CLEAN,Local LAN / Gateway Environment
2420,2026-08-06 09:04:32,N/A,N/A,0,IpNextHeaderProtocol(1),120,0,CLEAN,Local LAN / Gateway Environment
2419,2026-08-06 09:04:32,N/A,N/A,137,UDP,92,0,CLEAN,Local LAN / Gateway Environment
2418,2026-08-06 09:04:32,N/A,N/A,0,IpNextHeaderProtocol(1),98,0,CLEAN,Local LAN / Gateway Environment
2417,2026-08-06 09:04:32,N/A,N/A,0,IpNextHeaderProtocol(1),98,0,CLEAN,Local LAN / Gateway Environment
2416,2026-08-06 09:04:32,N/A,N/A,48606,TCP,54,0,CLEAN,Local LAN / Gateway Environment
2415,2026-08-06 09:04:32,N/A,N/A,62078,TCP,74,0,CLEAN,Local LAN / Gateway Environment
2414,2026-08-06 09:04:32,N/A,N/A,58446,TCP,54,0,CLEAN,Local LAN / Gateway Environment
2413,2026-08-06 09:04:32,N/A,N/A,22,TCP,54,0,CLEAN,Local LAN / Gateway Environment
2412,2026-08-06 09:04:32,N/A,N/A,45042,TCP,66,0,CLEAN,Local LAN / Gateway Environment
2411,2026-08-06 09:04:32,N/A,N/A,22,TCP,54,0,CLEAN,Local LAN / Gateway Environment
2410,2026-08-06 09:04:32,N/A,N/A,45042,TCP,82,0,CLEAN,Local LAN / Gateway Environment
2409,2026-08-06 09:04:32,N/A,N/A,5555,TCP,74,0,CLEAN,Local LAN / Gateway Environment
2408,2026-08-06 09:04:32,N/A,N/A,35680,TCP,54,0,CLEAN,Local LAN / Gateway Environment
2407,2026-08-06 09:04:32,N/A,N/A,445,TCP,74,0,CLEAN,Local LAN / Gateway Environment
2406,2026-08-06 09:04:32,N/A,N/A,35322,TCP,54,0,CLEAN,Local LAN / Gateway Environment
2405,2026-08-06 09:04:32,N/A,N/A,135,TCP,74,0,CLEAN,Local LAN / Gateway Environment
2404,2026-08-06 09:04:32,N/A,N/A,49158,TCP,54,0,CLEAN,Local LAN / Gateway Environment
2403,2026-08-06 09:04:32,N/A,N/A,22,TCP,54,0,CLEAN,Local LAN / Gateway Environment
2402,2026-08-06 09:04:32,N/A,N/A,43740,TCP,54,0,CLEAN,Local LAN / Gateway Environment
2401,2026-08-06 09:04:32,N/A,N/A,22,TCP,54,0,CLEAN,Local LAN / Gateway Environment
2400,2026-08-06 09:04:32,N/A,N/A,43740,TCP,520,0,CLEAN,Local LAN / Gateway Environment
2399,2026-08-06 09:04:32,N/A,N/A,22,TCP,54,0,CLEAN,Local LAN / Gateway Environment
2398,2026-08-06 09:04:32,N/A,N/A,22,TCP,54,0,CLEAN,Local LAN / Gateway Environment
2397,2026-08-06 09:04:32,N/A,N/A,50184,TCP,60,0,CLEAN,Local LAN / Gateway Environment
2396,2026-08-06 09:04:32,N/A,N/A,50184,TCP,440,0,CLEAN,Local LAN / Gateway Environment
2395,2026-08-06 09:04:32,N/A,N/A,0,IpNextHeaderProtocol(1),120,0,CLEAN,Local LAN / Gateway Environment
2394,2026-08-06 09:04:32,N/A,N/A,22,TCP,54,0,CLEAN,Local LAN / Gateway Environment
2393,2026-08-06 09:04:32,N/A,N/A,22,TCP,54,0,CLEAN,Local LAN / Gateway Environment
2392,2026-08-06 09:04:32,N/A,N/A,50856,TCP,66,0,CLEAN,Local LAN / Gateway Environment
2391,2026-08-06 09:04:32,N/A,N/A,50856,TCP,87,0,CLEAN,Local LAN / Gateway Environment
2390,2026-08-06 09:04:32,N/A,N/A,137,UDP,92,0,CLEAN,Local LAN / Gateway Environment
2389,2026-08-06 09:04:32,N/A,N/A,0,IpNextHeaderProtocol(1),98,0,CLEAN,Local LAN / Gateway Environment
2388,2026-08-06 09:04:32,N/A,N/A,50184,TCP,60,0,CLEAN,Local LAN / Gateway Environment
2387,2026-08-06 09:04:32,N/A,N/A,0,IpNextHeaderProtocol(1),120,0,CLEAN,Local LAN / Gateway Environment
2386,2026-08-06 09:04:32,N/A,N/A,0,IpNextHeaderProtocol(1),98,0,CLEAN,Local LAN / Gateway Environment
2385,2026-08-06 09:04:32,N/A,N/A,0,IpNextHeaderProtocol(1),120,0,CLEAN,Local LAN / Gateway Environment
2384,2026-08-06 09:04:32,N/A,N/A,137,UDP,92,0,CLEAN,Local LAN / Gateway Environment
2383,2026-08-06 09:04:32,N/A,N/A,0,IpNextHeaderProtocol(1),98,0,CLEAN,Local LAN / Gateway Environment
2382,2026-08-06 09:04:32,N/A,N/A,50846,TCP,60,0,CLEAN,Local LAN / Gateway Environment
2381,2026-08-06 09:04:32,N/A,N/A,45042,TCP,66,0,CLEAN,Local LAN / Gateway Environment
2380,2026-08-06 09:04:32,N/A,N/A,137,UDP,92,0,CLEAN,Local LAN / Gateway Environment
2379,2026-08-06 09:04:32,N/A,N/A,0,IpNextHeaderProtocol(1),98,0,CLEAN,Local LAN / Gateway Environment
2378,2026-08-06 09:04:32,N/A,N/A,0,IpNextHeaderProtocol(1),98,0,CLEAN,Local LAN / Gateway Environment
2377,2026-08-06 09:04:32,N/A,N/A,0,IpNextHeaderProtocol(1),98,0,CLEAN,Local LAN / Gateway Environment
2376,2026-08-06 09:04:32,N/A,N/A,49020,TCP,60,0,CLEAN,Local LAN / Gateway Environment
2375,2026-08-06 09:04:32,N/A,N/A,62078,TCP,74,0,CLEAN,Local LAN / Gateway Environment
2374,2026-08-06 09:04:32,N/A,N/A,54844,TCP,60,0,CLEAN,Local LAN / Gateway Environment
2373,2026-08-06 09:04:32,N/A,N/A,51004,TCP,54,0,CLEAN,Local LAN / Gateway Environment
2372,2026-08-06 09:04:32,N/A,N/A,62078,TCP,74,0,CLEAN,Local LAN / Gateway Environment
2371,2026-08-06 09:04:32,N/A,N/A,55222,TCP,60,0,CLEAN,Local LAN / Gateway Environment
2370,2026-08-06 09:04:32,N/A,N/A,5555,TCP,74,0,CLEAN,Local LAN / Gateway Environment
2369,2026-08-06 09:04:32,N/A,N/A,62078,TCP,74,0,CLEAN,Local LAN / Gateway Environment
2368,2026-08-06 09:04:32,N/A,N/A,59350,TCP,60,0,CLEAN,Local LAN / Gateway Environment
2367,2026-08-06 09:04:32,N/A,N/A,56824,TCP,54,0,CLEAN,Local LAN / Gateway Environment
2366,2026-08-06 09:04:32,N/A,N/A,5555,TCP,74,0,CLEAN,Local LAN / Gateway Environment
2365,2026-08-06 09:04:32,N/A,N/A,36642,TCP,60,0,CLEAN,Local LAN / Gateway Environment
2364,2026-08-06 09:04:32,N/A,N/A,43740,TCP,54,0,CLEAN,Local LAN / Gateway Environment
2363,2026-08-06 09:04:32,N/A,N/A,445,TCP,74,0,CLEAN,Local LAN / Gateway Environment
2362,2026-08-06 09:04:32,N/A,N/A,5555,TCP,74,0,CLEAN,Local LAN / Gateway Environment
2361,2026-08-06 09:04:32,N/A,N/A,54452,TCP,60,0,CLEAN,Local LAN / Gateway Environment
2360,2026-08-06 09:04:32,N/A,N/A,60064,TCP,54,0,CLEAN,Local LAN / Gateway Environment
2359,2026-08-06 09:04:32,N/A,N/A,445,TCP,74,0,CLEAN,Local LAN / Gateway Environment
2358,2026-08-06 09:04:32,N/A,N/A,58230,TCP,60,0,CLEAN,Local LAN / Gateway Environment
2357,2026-08-06 09:04:32,N/A,N/A,135,TCP,74,0,CLEAN,Local LAN / Gateway Environment
2356,2026-08-06 09:04:32,N/A,N/A,445,TCP,74,0,CLEAN,Local LAN / Gateway Environment
2355,2026-08-06 09:04:32,N/A,N/A,22,TCP,66,0,CLEAN,Local LAN / Gateway Environment
2354,2026-08-06 09:04:32,N/A,N/A,22,TCP,66,0,CLEAN,Local LAN / Gateway Environment
2353,2026-08-06 09:04:32,N/A,N/A,45042,TCP,74,0,CLEAN,Local LAN / Gateway Environment
2352,2026-08-06 09:04:32,N/A,N/A,50856,TCP,66,0,CLEAN,Local LAN / Gateway Environment
2351,2026-08-06 09:04:32,N/A,N/A,40332,TCP,54,0,CLEAN,Local LAN / Gateway Environment
2350,2026-08-06 09:04:32,N/A,N/A,135,TCP,74,0,CLEAN,Local LAN / Gateway Environment
2349,2026-08-06 09:04:32,N/A,N/A,22,TCP,54,0,CLEAN,Local LAN / Gateway Environment
10416,2026-08-06 14:29:51,N/A,N/A,39636,TCP,340,0,CRITICAL ANOMALY,Local LAN / Gateway Environment
10408,2026-08-06 14:29:51,N/A,N/A,39636,TCP,340,0,CRITICAL ANOMALY,Local LAN / Gateway Environment
10397,2026-08-06 14:29:51,N/A,N/A,39636,TCP,340,0,CRITICAL ANOMALY,Local LAN / Gateway Environment
10391,2026-08-06 14:29:51,N/A,N/A,39636,TCP,340,0,CRITICAL ANOMALY,Local LAN / Gateway Environment
10383,2026-08-06 14:29:49,N/A,N/A,39636,TCP,340,0,CRITICAL ANOMALY,Local LAN / Gateway Environment
10375,2026-08-06 14:29:49,N/A,N/A,39636,TCP,340,0,CRITICAL ANOMALY,Local LAN / Gateway Environment
10364,2026-08-06 14:29:49,N/A,N/A,54064,TCP,635,0,CRITICAL ANOMALY,Local LAN / Gateway Environment
10354,2026-08-06 14:29:49,N/A,N/A,54072,TCP,2233,0,CRITICAL ANOMALY,Local LAN / Gateway Environment
10352,2026-08-06 14:29:49,N/A,N/A,54072,TCP,1514,0,CRITICAL ANOMALY,Local LAN / Gateway Environment
10344,2026-08-06 14:29:47,N/A,N/A,54064,TCP,786,0,CRITICAL ANOMALY,Local LAN / Gateway Environment
10342,2026-08-06 14:29:47,N/A,N/A,54064,TCP,2962,0,CRITICAL ANOMALY,Local LAN / Gateway Environment
10305,2026-08-06 14:29:46,N/A,N/A,36810,TCP,2962,0,CRITICAL ANOMALY,Local LAN / Gateway Environment
10299,2026-08-06 14:29:46,N/A,N/A,41206,TCP,1518,0,CRITICAL ANOMALY,Local LAN / Gateway Environment
10298,2026-08-06 14:29:46,N/A,N/A,41206,TCP,2962,0,CRITICAL ANOMALY,Local LAN / Gateway Environment
10288,2026-08-06 14:29:46,N/A,N/A,39636,TCP,340,0,CRITICAL ANOMALY,Local LAN / Gateway Environment
10285,2026-08-06 14:29:46,N/A,N/A,54480,TCP,1329,0,CRITICAL ANOMALY,Local LAN / Gateway Environment
10277,2026-08-06 14:29:46,N/A,N/A,54480,TCP,245,0,CRITICAL ANOMALY,Local LAN / Gateway Environment
10258,2026-08-06 14:29:46,N/A,N/A,39640,TCP,3233,0,CRITICAL ANOMALY,Local LAN / Gateway Environment
10255,2026-08-06 14:29:46,N/A,N/A,54480,TCP,1518,0,CRITICAL ANOMALY,Local LAN / Gateway Environment
10254,2026-08-06 14:29:46,N/A,N/A,54480,TCP,1514,0,CRITICAL ANOMALY,Local LAN / Gateway Environment
10252,2026-08-06 14:29:46,N/A,N/A,54480,TCP,1514,0,CRITICAL ANOMALY,Local LAN / Gateway Environment
10246,2026-08-06 14:29:46,N/A,N/A,39636,TCP,3232,0,CRITICAL ANOMALY,Local LAN / Gateway Environment
10234,2026-08-06 14:29:46,N/A,N/A,40608,TCP,691,0,CRITICAL ANOMALY,Local LAN / Gateway Environment
10213,2026-08-06 14:29:45,N/A,N/A,47294,TCP,1504,0,CRITICAL ANOMALY,Local LAN / Gateway Environment
10204,2026-08-06 14:29:45,N/A,N/A,57570,TCP,359,0,CRITICAL ANOMALY,Local LAN / Gateway Environment
10197,2026-08-06 14:29:45,N/A,N/A,57570,TCP,245,0,CRITICAL ANOMALY,Local LAN / Gateway Environment
10194,2026-08-06 14:29:45,N/A,N/A,47294,TCP,1763,0,CRITICAL ANOMALY,Local LAN / Gateway Environment
10192,2026-08-06 14:29:45,N/A,N/A,47294,TCP,4096,0,CRITICAL ANOMALY,Local LAN / Gateway Environment
10179,2026-08-06 14:29:45,N/A,N/A,57570,TCP,1763,0,CRITICAL ANOMALY,Local LAN / Gateway Environment
10178,2026-08-06 14:29:45,N/A,N/A,57570,TCP,4096,0,CRITICAL ANOMALY,Local LAN / Gateway Environment
10162,2026-08-06 14:29:45,N/A,N/A,40608,TCP,1726,0,CRITICAL ANOMALY,Local LAN / Gateway Environment
10161,2026-08-06 14:29:45,N/A,N/A,40608,TCP,2922,0,CRITICAL ANOMALY,Local LAN / Gateway Environment
10159,2026-08-06 14:29:45,N/A,N/A,40608,TCP,1494,0,CRITICAL ANOMALY,Local LAN / Gateway Environment
10136,2026-08-06 14:29:45,N/A,N/A,50674,TCP,545,0,CRITICAL ANOMALY,Local LAN / Gateway Environment
10123,2026-08-06 14:29:44,N/A,N/A,50674,TCP,1693,0,CRITICAL ANOMALY,Local LAN / Gateway Environment
10121,2026-08-06 14:29:44,N/A,N/A,50674,TCP,4096,0,CRITICAL ANOMALY,Local LAN / Gateway Environment
9750,2026-08-06 14:27:31,N/A,N/A,55041,UDP,253,0,CRITICAL ANOMALY,Local LAN / Gateway Environment
10653,2026-08-06 14:30:34,N/A,N/A,50518,TCP,54,0,CLEAN,Local LAN / Gateway Environment
10652,2026-08-06 14:30:34,N/A,N/A,47612,TCP,66,0,CLEAN,Local LAN / Gateway Environment
10651,2026-08-06 14:30:34,N/A,N/A,51104,TCP,60,0,CLEAN,Local LAN / Gateway Environment
10650,2026-08-06 14:30:34,N/A,N/A,47612,TCP,82,0,CLEAN,Local LAN / Gateway Environment
10649,2026-08-06 14:30:34,N/A,N/A,58498,TCP,54,0,CLEAN,Local LAN / Gateway Environment
10648,2026-08-06 14:30:34,N/A,N/A,33544,TCP,60,0,CLEAN,Local LAN / Gateway Environment
10647,2026-08-06 14:30:34,N/A,N/A,62078,TCP,74,0,CLEAN,Local LAN / Gateway Environment
10646,2026-08-06 14:30:34,N/A,N/A,445,TCP,74,0,CLEAN,Local LAN / Gateway Environment
10645,2026-08-06 14:30:34,N/A,N/A,445,TCP,74,0,CLEAN,Local LAN / Gateway Environment
10644,2026-08-06 14:30:34,N/A,N/A,62078,TCP,74,0,CLEAN,Local LAN / Gateway Environment
10643,2026-08-06 14:30:34,N/A,N/A,62078,TCP,74,0,CLEAN,Local LAN / Gateway Environment
10642,2026-08-06 14:30:34,N/A,N/A,62078,TCP,74,0,CLEAN,Local LAN / Gateway Environment
10641,2026-08-06 14:30:34,N/A,N/A,42006,TCP,54,0,CLEAN,Local LAN / Gateway Environment
10640,2026-08-06 14:30:34,N/A,N/A,50836,TCP,54,0,CLEAN,Local LAN / Gateway Environment
10639,2026-08-06 14:30:34,N/A,N/A,36664,TCP,60,0,CLEAN,Local LAN / Gateway Environment
10638,2026-08-06 14:30:34,N/A,N/A,54436,TCP,54,0,CLEAN,Local LAN / Gateway Environment
10637,2026-08-06 14:30:34,N/A,N/A,45190,TCP,54,0,CLEAN,Local LAN / Gateway Environment
10636,2026-08-06 14:30:34,N/A,N/A,56136,TCP,60,0,CLEAN,Local LAN / Gateway Environment
10635,2026-08-06 14:30:34,N/A,N/A,5555,TCP,74,0,CLEAN,Local LAN / Gateway Environment
10634,2026-08-06 14:30:34,N/A,N/A,5555,TCP,74,0,CLEAN,Local LAN / Gateway Environment
10633,2026-08-06 14:30:34,N/A,N/A,135,TCP,74,0,CLEAN,Local LAN / Gateway Environment
10632,2026-08-06 14:30:34,N/A,N/A,5555,TCP,74,0,CLEAN,Local LAN / Gateway Environment
10631,2026-08-06 14:30:34,N/A,N/A,5555,TCP,74,0,CLEAN,Local LAN / Gateway Environment
10630,2026-08-06 14:30:34,N/A,N/A,59352,TCP,54,0,CLEAN,Local LAN / Gateway Environment
10629,2026-08-06 14:30:34,N/A,N/A,57098,TCP,60,0,CLEAN,Local LAN / Gateway Environment
10628,2026-08-06 14:30:34,N/A,N/A,44798,TCP,60,0,CLEAN,Local LAN / Gateway Environment
10627,2026-08-06 14:30:34,N/A,N/A,36954,TCP,54,0,CLEAN,Local LAN / Gateway Environment
10626,2026-08-06 14:30:34,N/A,N/A,33462,TCP,54,0,CLEAN,Local LAN / Gateway Environment
10625,2026-08-06 14:30:34,N/A,N/A,47612,TCP,66,0,CLEAN,Local LAN / Gateway Environment
10624,2026-08-06 14:30:34,N/A,N/A,135,TCP,74,0,CLEAN,Local LAN / Gateway Environment
10623,2026-08-06 14:30:34,N/A,N/A,445,TCP,74,0,CLEAN,Local LAN / Gateway Environment
10622,2026-08-06 14:30:34,N/A,N/A,22,TCP,54,0,CLEAN,Local LAN / Gateway Environment
10621,2026-08-06 14:30:34,N/A,N/A,22,TCP,54,0,CLEAN,Local LAN / Gateway Environment
10620,2026-08-06 14:30:34,N/A,N/A,50536,TCP,66,0,CLEAN,Local LAN / Gateway Environment
10619,2026-08-06 14:30:34,N/A,N/A,50536,TCP,87,0,CLEAN,Local LAN / Gateway Environment
10618,2026-08-06 14:30:34,N/A,N/A,41502,TCP,54,0,CLEAN,Local LAN / Gateway Environment
10617,2026-08-06 14:30:34,N/A,N/A,33702,TCP,60,0,CLEAN,Local LAN / Gateway Environment
10616,2026-08-06 14:30:34,N/A,N/A,445,TCP,74,0,CLEAN,Local LAN / Gateway Environment
10615,2026-08-06 14:30:34,N/A,N/A,445,TCP,74,0,CLEAN,Local LAN / Gateway Environment
10614,2026-08-06 14:30:34,N/A,N/A,445,TCP,74,0,CLEAN,Local LAN / Gateway Environment
10613,2026-08-06 14:30:34,N/A,N/A,48924,TCP,60,0,CLEAN,Local LAN / Gateway Environment
10612,2026-08-06 14:30:34,N/A,N/A,52514,TCP,54,0,CLEAN,Local LAN / Gateway Environment
10611,2026-08-06 14:30:34,N/A,N/A,40116,TCP,54,0,CLEAN,Local LAN / Gateway Environment
10610,2026-08-06 14:30:34,N/A,N/A,135,TCP,74,0,CLEAN,Local LAN / Gateway Environment
10609,2026-08-06 14:30:34,N/A,N/A,22,TCP,66,0,CLEAN,Local LAN / Gateway Environment
10608,2026-08-06 14:30:34,N/A,N/A,22,TCP,66,0,CLEAN,Local LAN / Gateway Environment
10607,2026-08-06 14:30:34,N/A,N/A,50536,TCP,66,0,CLEAN,Local LAN / Gateway Environment
10606,2026-08-06 14:30:34,N/A,N/A,47612,TCP,74,0,CLEAN,Local LAN / Gateway Environment
10605,2026-08-06 14:30:34,N/A,N/A,22,TCP,74,0,CLEAN,Local LAN / Gateway Environment
10604,2026-08-06 14:30:34,N/A,N/A,22,TCP,74,0,CLEAN,Local LAN / Gateway Environment
10603,2026-08-06 14:30:34,N/A,N/A,22,TCP,74,0,CLEAN,Local LAN / Gateway Environment
10602,2026-08-06 14:30:34,N/A,N/A,135,TCP,74,0,CLEAN,Local LAN / Gateway Environment
10601,2026-08-06 14:30:34,N/A,N/A,22,TCP,74,0,CLEAN,Local LAN / Gateway Environment
10600,2026-08-06 14:30:34,N/A,N/A,135,TCP,74,0,CLEAN,Local LAN / Gateway Environment
10599,2026-08-06 14:30:34,N/A,N/A,22,TCP,66,0,CLEAN,Local LAN / Gateway Environment
10598,2026-08-06 14:30:34,N/A,N/A,22,TCP,74,0,CLEAN,Local LAN / Gateway Environment
10597,2026-08-06 14:30:34,N/A,N/A,135,TCP,74,0,CLEAN,Local LAN / Gateway Environment
10596,2026-08-06 14:30:34,N/A,N/A,135,TCP,74,0,CLEAN,Local LAN / Gateway Environment
10595,2026-08-06 14:30:34,N/A,N/A,22,TCP,66,0,CLEAN,Local LAN / Gateway Environment
10594,2026-08-06 14:30:34,N/A,N/A,52746,TCP,54,0,CLEAN,Local LAN / Gateway Environment
10593,2026-08-06 14:30:34,N/A,N/A,54896,TCP,54,0,CLEAN,Local LAN / Gateway Environment
10592,2026-08-06 14:30:34,N/A,N/A,50536,TCP,74,0,CLEAN,Local LAN / Gateway Environment
10591,2026-08-06 14:30:34,N/A,N/A,38040,TCP,60,0,CLEAN,Local LAN / Gateway Environment
10590,2026-08-06 14:30:34,N/A,N/A,22,TCP,74,0,CLEAN,Local LAN / Gateway Environment
10589,2026-08-06 14:30:34,N/A,N/A,0,IpNextHeaderProtocol(1),164,0,CLEAN,Local LAN / Gateway Environment
10588,2026-08-06 14:30:34,N/A,N/A,22,TCP,74,0,CLEAN,Local LAN / Gateway Environment
10587,2026-08-06 14:30:34,N/A,N/A,22,TCP,74,0,CLEAN,Local LAN / Gateway Environment
10586,2026-08-06 14:30:34,N/A,N/A,22,TCP,74,0,CLEAN,Local LAN / Gateway Environment
10585,2026-08-06 14:30:34,N/A,N/A,22,TCP,74,0,CLEAN,Local LAN / Gateway Environment
10584,2026-08-06 14:30:34,N/A,N/A,22,TCP,74,0,CLEAN,Local LAN / Gateway Environment
10583,2026-08-06 14:30:34,N/A,N/A,22,TCP,74,0,CLEAN,Local LAN / Gateway Environment
10582,2026-08-06 14:30:34,N/A,N/A,22,TCP,74,0,CLEAN,Local LAN / Gateway Environment
10581,2026-08-06 14:30:34,N/A,N/A,22,TCP,74,0,CLEAN,Local LAN / Gateway Environment
10580,2026-08-06 14:30:34,N/A,N/A,22,TCP,74,0,CLEAN,Local LAN / Gateway Environment
10579,2026-08-06 14:30:34,N/A,N/A,0,IpNextHeaderProtocol(1),164,0,CLEAN,Local LAN / Gateway Environment
10578,2026-08-06 14:30:34,N/A,N/A,0,IpNextHeaderProtocol(1),164,0,CLEAN,Local LAN / Gateway Environment
10577,2026-08-06 14:30:34,N/A,N/A,0,IpNextHeaderProtocol(1),164,0,CLEAN,Local LAN / Gateway Environment
10576,2026-08-06 14:30:34,N/A,N/A,1900,UDP,136,0,CLEAN,Local LAN / Gateway Environment
10575,2026-08-06 14:30:34,N/A,N/A,1900,UDP,136,0,CLEAN,Local LAN / Gateway Environment
10574,2026-08-06 14:30:34,N/A,N/A,1900,UDP,136,0,CLEAN,Local LAN / Gateway Environment
10573,2026-08-06 14:30:34,N/A,N/A,1900,UDP,136,0,CLEAN,Local LAN / Gateway Environment
10572,2026-08-06 14:30:34,N/A,N/A,1900,UDP,136,0,CLEAN,Local LAN / Gateway Environment
10571,2026-08-06 14:30:34,N/A,N/A,1900,UDP,136,0,CLEAN,Local LAN / Gateway Environment
10570,2026-08-06 14:30:34,N/A,N/A,0,IpNextHeaderProtocol(1),164,0,CLEAN,Local LAN / Gateway Environment
10569,2026-08-06 14:30:34,N/A,N/A,0,IpNextHeaderProtocol(1),164,0,CLEAN,Local LAN / Gateway Environment
10568,2026-08-06 14:30:34,N/A,N/A,0,IpNextHeaderProtocol(1),164,0,CLEAN,Local LAN / Gateway Environment
10567,2026-08-06 14:30:34,N/A,N/A,1900,UDP,136,0,CLEAN,Local LAN / Gateway Environment
10566,2026-08-06 14:30:34,N/A,N/A,1900,UDP,136,0,CLEAN,Local LAN / Gateway Environment
10565,2026-08-06 14:30:34,N/A,N/A,1900,UDP,136,0,CLEAN,Local LAN / Gateway Environment
10564,2026-08-06 14:30:34,N/A,N/A,1900,UDP,136,0,CLEAN,Local LAN / Gateway Environment
10563,2026-08-06 14:30:34,N/A,N/A,1900,UDP,136,0,CLEAN,Local LAN / Gateway Environment
10562,2026-08-06 14:30:34,N/A,N/A,1900,UDP,136,0,CLEAN,Local LAN / Gateway Environment
10561,2026-08-06 14:30:34,N/A,N/A,1900,UDP,136,0,CLEAN,Local LAN / Gateway Environment
10560,2026-08-06 14:30:34,N/A,N/A,1900,UDP,136,0,CLEAN,Local LAN / Gateway Environment
10559,2026-08-06 14:30:34,N/A,N/A,1900,UDP,136,0,CLEAN,Local LAN / Gateway Environment
10558,2026-08-06 14:30:32,N/A,N/A,0,IpNextHeaderProtocol(1),98,0,CLEAN,Local LAN / Gateway Environment
10557,2026-08-06 14:30:32,N/A,N/A,0,IpNextHeaderProtocol(1),98,0,CLEAN,Local LAN / Gateway Environment
10556,2026-08-06 14:30:32,N/A,N/A,0,IpNextHeaderProtocol(1),98,0,CLEAN,Local LAN / Gateway Environment
10555,2026-08-06 14:30:32,N/A,N/A,0,IpNextHeaderProtocol(1),98,0,CLEAN,Local LAN / Gateway Environment
10554,2026-08-06 14:30:32,N/A,N/A,0,IpNextHeaderProtocol(1),98,0,CLEAN,Local LAN / Gateway Environment
10553,2026-08-06 14:30:31,N/A,N/A,0,IpNextHeaderProtocol(1),98,0,CLEAN,Local LAN / Gateway Environment
10552,2026-08-06 14:30:31,N/A,N/A,0,IpNextHeaderProtocol(1),98,0,CLEAN,Local LAN / Gateway Environment
10551,2026-08-06 14:30:31,N/A,N/A,0,IpNextHeaderProtocol(1),98,0,CLEAN,Local LAN / Gateway Environment
10550,2026-08-06 14:30:31,N/A,N/A,0,IpNextHeaderProtocol(1),98,0,CLEAN,Local LAN / Gateway Environment
10549,2026-08-06 14:30:31,N/A,N/A,0,IpNextHeaderProtocol(1),98,0,CLEAN,Local LAN / Gateway Environment
10548,2026-08-06 14:30:31,N/A,N/A,0,IpNextHeaderProtocol(1),98,0,CLEAN,Local LAN / Gateway Environment
10547,2026-08-06 14:30:30,N/A,N/A,14,UDP,64,0,CLEAN,Local LAN / Private Subnet
10546,2026-08-06 14:30:30,N/A,N/A,0,IpNextHeaderProtocol(1),98,0,CLEAN,Local LAN / Gateway Environment
10545,2026-08-06 14:30:30,N/A,N/A,0,IpNextHeaderProtocol(1),98,0,CLEAN,Local LAN / Gateway Environment
10544,2026-08-06 14:30:30,N/A,N/A,0,IpNextHeaderProtocol(1),98,0,CLEAN,Local LAN / Gateway Environment
10543,2026-08-06 14:30:30,N/A,N/A,0,IpNextHeaderProtocol(1),98,0,CLEAN,Local LAN / Gateway Environment
10542,2026-08-06 14:30:29,N/A,N/A,48644,TCP,66,0,CLEAN,Local LAN / Gateway Environment
10541,2026-08-06 14:30:28,N/A,N/A,443,TCP,66,0,CLEAN,External Host (Unknown)
10540,2026-08-06 14:30:27,N/A,N/A,443,TCP,66,0,CLEAN,External Host (Unknown)
10539,2026-08-06 14:30:27,N/A,N/A,48644,TCP,66,0,CLEAN,Local LAN / Gateway Environment
10538,2026-08-06 14:30:27,N/A,N/A,0,IpNextHeaderProtocol(1),98,0,CLEAN,Local LAN / Gateway Environment
10537,2026-08-06 14:30:27,N/A,N/A,0,IpNextHeaderProtocol(1),98,0,CLEAN,Local LAN / Gateway Environment
10536,2026-08-06 14:30:24,N/A,N/A,49476,UDP,60,0,CLEAN,Local LAN / Gateway Environment
10535,2026-08-06 14:30:24,N/A,N/A,21116,UDP,57,0,CLEAN,External Host (Unknown)
10534,2026-08-06 14:30:20,N/A,N/A,14,UDP,64,0,CLEAN,Local LAN / Private Subnet
10533,2026-08-06 14:30:18,N/A,N/A,48644,TCP,66,0,CLEAN,Local LAN / Gateway Environment
10532,2026-08-06 14:30:18,N/A,N/A,443,TCP,66,0,CLEAN,External Host (Unknown)
10531,2026-08-06 14:30:17,N/A,N/A,443,TCP,66,0,CLEAN,External Host (Unknown)
10530,2026-08-06 14:30:17,N/A,N/A,48644,TCP,66,0,CLEAN,Local LAN / Gateway Environment
10529,2026-08-06 14:30:16,N/A,N/A,0,IpNextHeaderProtocol(1),98,0,CLEAN,Local LAN / Gateway Environment
10528,2026-08-06 14:30:16,N/A,N/A,0,IpNextHeaderProtocol(1),98,0,CLEAN,Local LAN / Gateway Environment
10527,2026-08-06 14:30:16,N/A,N/A,0,IpNextHeaderProtocol(1),98,0,CLEAN,Local LAN / Gateway Environment
10526,2026-08-06 14:30:16,N/A,N/A,48644,TCP,66,0,CLEAN,Local LAN / Gateway Environment
10525,2026-08-06 14:30:16,N/A,N/A,21116,UDP,57,0,CLEAN,External Host (Unknown)
10524,2026-08-06 14:30:16,N/A,N/A,443,TCP,66,0,CLEAN,External Host (Unknown)
10523,2026-08-06 14:30:16,N/A,N/A,443,TCP,66,0,CLEAN,External Host (Unknown)
10522,2026-08-06 14:30:16,N/A,N/A,48644,TCP,66,0,CLEAN,Local LAN / Gateway Environment
10521,2026-08-06 14:30:16,N/A,N/A,0,IpNextHeaderProtocol(1),98,0,CLEAN,Local LAN / Gateway Environment
10520,2026-08-06 14:30:16,N/A,N/A,0,IpNextHeaderProtocol(1),98,0,CLEAN,Local LAN / Gateway Environment
10519,2026-08-06 14:30:16,N/A,N/A,39636,TCP,66,0,CLEAN,Local LAN / Gateway Environment
10518,2026-08-06 14:30:16,N/A,N/A,443,TCP,66,0,CLEAN,External Host (Unknown)
10517,2026-08-06 14:30:16,N/A,N/A,443,TCP,66,0,CLEAN,External Host (Unknown)
10516,2026-08-06 14:30:16,N/A,N/A,39636,TCP,66,0,CLEAN,Local LAN / Gateway Environment
10515,2026-08-06 14:30:16,N/A,N/A,39636,TCP,90,0,CLEAN,Local LAN / Gateway Environment
10514,2026-08-06 14:30:16,N/A,N/A,39636,TCP,105,0,CLEAN,Local LAN / Gateway Environment
10513,2026-08-06 14:30:16,N/A,N/A,14,UDP,64,0,CLEAN,Local LAN / Private Subnet
10512,2026-08-06 14:30:16,N/A,N/A,0,IpNextHeaderProtocol(1),98,0,CLEAN,Local LAN / Gateway Environment
10511,2026-08-06 14:30:16,N/A,N/A,0,IpNextHeaderProtocol(1),120,0,CLEAN,Local LAN / Gateway Environment
10510,2026-08-06 14:30:16,N/A,N/A,0,IpNextHeaderProtocol(1),98,0,CLEAN,Local LAN / Gateway Environment
10509,2026-08-06 14:30:16,N/A,N/A,0,IpNextHeaderProtocol(1),98,0,CLEAN,Local LAN / Gateway Environment
10508,2026-08-06 14:30:16,N/A,N/A,45210,TCP,54,0,CLEAN,Local LAN / Gateway Environment
10507,2026-08-06 14:30:16,N/A,N/A,137,UDP,92,0,CLEAN,Local LAN / Gateway Environment
10506,2026-08-06 14:30:16,N/A,N/A,135,TCP,74,0,CLEAN,Local LAN / Gateway Environment
10505,2026-08-06 14:30:09,N/A,N/A,135,TCP,74,0,CLEAN,Local LAN / Gateway Environment
10504,2026-08-06 14:30:09,N/A,N/A,0,IpNextHeaderProtocol(1),98,0,CLEAN,Local LAN / Gateway Environment
10503,2026-08-06 14:30:09,N/A,N/A,53686,TCP,54,0,CLEAN,Local LAN / Gateway Environment
10502,2026-08-06 14:30:09,N/A,N/A,39230,TCP,54,0,CLEAN,Local LAN / Gateway Environment
10501,2026-08-06 14:30:09,N/A,N/A,50650,TCP,54,0,CLEAN,Local LAN / Gateway Environment
10500,2026-08-06 14:30:09,N/A,N/A,0,IpNextHeaderProtocol(1),98,0,CLEAN,Local LAN / Gateway Environment
10499,2026-08-06 14:30:09,N/A,N/A,53364,TCP,66,0,CLEAN,Local LAN / Gateway Environment
10498,2026-08-06 14:30:09,N/A,N/A,62078,TCP,74,0,CLEAN,Local LAN / Gateway Environment
10497,2026-08-06 14:30:09,N/A,N/A,45450,TCP,54,0,CLEAN,Local LAN / Gateway Environment
10496,2026-08-06 14:30:09,N/A,N/A,41988,TCP,60,0,CLEAN,Local LAN / Gateway Environment
10495,2026-08-06 14:30:09,N/A,N/A,43512,TCP,66,0,CLEAN,Local LAN / Gateway Environment
10494,2026-08-06 14:30:09,N/A,N/A,62078,TCP,74,0,CLEAN,Local LAN / Gateway Environment
10493,2026-08-06 14:30:09,N/A,N/A,41882,TCP,54,0,CLEAN,Local LAN / Gateway Environment
10492,2026-08-06 14:30:09,N/A,N/A,62078,TCP,74,0,CLEAN,Local LAN / Gateway Environment
10491,2026-08-06 14:30:09,N/A,N/A,135,TCP,74,0,CLEAN,Local LAN / Gateway Environment
10490,2026-08-06 14:30:09,N/A,N/A,22,TCP,66,0,CLEAN,Local LAN / Gateway Environment
10489,2026-08-06 14:30:09,N/A,N/A,22,TCP,66,0,CLEAN,Local LAN / Gateway Environment
10488,2026-08-06 14:30:09,N/A,N/A,48136,TCP,60,0,CLEAN,Local LAN / Gateway Environment
10487,2026-08-06 14:30:09,N/A,N/A,43512,TCP,74,0,CLEAN,Local LAN / Gateway Environment
10486,2026-08-06 14:30:09,N/A,N/A,5555,TCP,74,0,CLEAN,Local LAN / Gateway Environment
10485,2026-08-06 14:30:03,N/A,N/A,35960,TCP,54,0,CLEAN,Local LAN / Gateway Environment
10484,2026-08-06 14:30:03,N/A,N/A,22,TCP,74,0,CLEAN,Local LAN / Gateway Environment
10483,2026-08-06 14:30:03,N/A,N/A,22,TCP,74,0,CLEAN,Local LAN / Gateway Environment
10482,2026-08-06 14:30:03,N/A,N/A,22,TCP,74,0,CLEAN,Local LAN / Gateway Environment
10481,2026-08-06 14:30:03,N/A,N/A,5555,TCP,74,0,CLEAN,Local LAN / Gateway Environment
10480,2026-08-06 14:30:03,N/A,N/A,22,TCP,74,0,CLEAN,Local LAN / Gateway Environment
10479,2026-08-06 14:30:03,N/A,N/A,22,TCP,74,0,CLEAN,Local LAN / Gateway Environment
10478,2026-08-06 14:30:03,N/A,N/A,22,TCP,74,0,CLEAN,Local LAN / Gateway Environment
10477,2026-08-06 14:30:03,N/A,N/A,5555,TCP,74,0,CLEAN,Local LAN / Gateway Environment
10476,2026-08-06 14:30:03,N/A,N/A,35642,TCP,60,0,CLEAN,Local LAN / Gateway Environment
10475,2026-08-06 14:30:03,N/A,N/A,59012,TCP,54,0,CLEAN,Local LAN / Gateway Environment
10474,2026-08-06 14:30:03,N/A,N/A,22,TCP,74,0,CLEAN,Local LAN / Gateway Environment
10473,2026-08-06 14:30:03,N/A,N/A,22,TCP,74,0,CLEAN,Local LAN / Gateway Environment
10472,2026-08-06 14:30:03,N/A,N/A,22,TCP,74,0,CLEAN,Local LAN / Gateway Environment
10471,2026-08-06 14:30:03,N/A,N/A,445,TCP,74,0,CLEAN,Local LAN / Gateway Environment
10470,2026-08-06 14:30:03,N/A,N/A,445,TCP,74,0,CLEAN,Local LAN / Gateway Environment
10469,2026-08-06 14:30:03,N/A,N/A,22,TCP,74,0,CLEAN,Local LAN / Gateway Environment
10468,2026-08-06 14:30:03,N/A,N/A,38088,TCP,54,0,CLEAN,Local LAN / Gateway Environment
10467,2026-08-06 14:30:03,N/A,N/A,39392,TCP,60,0,CLEAN,Local LAN / Gateway Environment
10466,2026-08-06 14:30:03,N/A,N/A,445,TCP,74,0,CLEAN,Local LAN / Gateway Environment
10465,2026-08-06 14:30:00,N/A,N/A,57292,TCP,54,0,CLEAN,Local LAN / Gateway Environment
10464,2026-08-06 14:30:00,N/A,N/A,22,TCP,66,0,CLEAN,Local LAN / Gateway Environment
10463,2026-08-06 14:30:00,N/A,N/A,135,TCP,74,0,CLEAN,Local LAN / Gateway Environment
10462,2026-08-06 14:30:00,N/A,N/A,135,TCP,74,0,CLEAN,Local LAN / Gateway Environment
10461,2026-08-06 14:30:00,N/A,N/A,22,TCP,66,0,CLEAN,Local LAN / Gateway Environment
10460,2026-08-06 14:30:00,N/A,N/A,53364,TCP,74,0,CLEAN,Local LAN / Gateway Environment
10459,2026-08-06 14:30:00,N/A,N/A,57466,TCP,54,0,CLEAN,Local LAN / Gateway Environment
10458,2026-08-06 14:30:00,N/A,N/A,135,TCP,74,0,CLEAN,Local LAN / Gateway Environment
10457,2026-08-06 14:30:00,N/A,N/A,60840,TCP,54,0,CLEAN,Local LAN / Gateway Environment
10456,2026-08-06 14:30:00,N/A,N/A,22,TCP,74,0,CLEAN,Local LAN / Gateway Environment
10455,2026-08-06 14:30:00,N/A,N/A,22,TCP,74,0,CLEAN,Local LAN / Gateway Environment
10454,2026-08-06 14:30:00,N/A,N/A,22,TCP,74,0,CLEAN,Local LAN / Gateway Environment
10453,2026-08-06 14:30:00,N/A,N/A,22,TCP,74,0,CLEAN,Local LAN / Gateway Environment
10452,2026-08-06 14:30:00,N/A,N/A,22,TCP,74,0,CLEAN,Local LAN / Gateway Environment
10451,2026-08-06 14:30:00,N/A,N/A,0,IpNextHeaderProtocol(1),164,0,CLEAN,Local LAN / Gateway Environment
10450,2026-08-06 14:30:00,N/A,N/A,0,IpNextHeaderProtocol(1),164,0,CLEAN,Local LAN / Gateway Environment
10449,2026-08-06 14:30:00,N/A,N/A,0,IpNextHeaderProtocol(1),164,0,CLEAN,Local LAN / Gateway Environment
10448,2026-08-06 14:30:00,N/A,N/A,0,IpNextHeaderProtocol(1),164,0,CLEAN,Local LAN / Gateway Environment
10447,2026-08-06 14:30:00,N/A,N/A,0,IpNextHeaderProtocol(1),164,0,CLEAN,Local LAN / Gateway Environment
10446,2026-08-06 14:30:00,N/A,N/A,0,IpNextHeaderProtocol(1),164,0,CLEAN,Local LAN / Gateway Environment
10445,2026-08-06 14:30:00,N/A,N/A,0,IpNextHeaderProtocol(1),164,0,CLEAN,Local LAN / Gateway Environment
10444,2026-08-06 14:30:00,N/A,N/A,1900,UDP,136,0,CLEAN,Local LAN / Gateway Environment
10443,2026-08-06 14:30:00,N/A,N/A,1900,UDP,136,0,CLEAN,Local LAN / Gateway Environment
10442,2026-08-06 14:30:00,N/A,N/A,1900,UDP,136,0,CLEAN,Local LAN / Gateway Environment
10441,2026-08-06 14:30:00,N/A,N/A,1900,UDP,136,0,CLEAN,Local LAN / Gateway Environment
10440,2026-08-06 14:30:00,N/A,N/A,1900,UDP,136,0,CLEAN,Local LAN / Gateway Environment
10439,2026-08-06 14:30:00,N/A,N/A,1900,UDP,136,0,CLEAN,Local LAN / Gateway Environment
10438,2026-08-06 14:30:00,N/A,N/A,1900,UDP,136,0,CLEAN,Local LAN / Gateway Environment
10437,2026-08-06 14:30:00,N/A,N/A,1900,UDP,136,0,CLEAN,Local LAN / Gateway Environment
10436,2026-08-06 14:30:00,N/A,N/A,1900,UDP,136,0,CLEAN,Local LAN / Gateway Environment
10435,2026-08-06 14:30:00,N/A,N/A,1900,UDP,136,0,CLEAN,Local LAN / Gateway Environment
10434,2026-08-06 14:30:00,N/A,N/A,1900,UDP,136,0,CLEAN,Local LAN / Gateway Environment
10433,2026-08-06 14:30:00,N/A,N/A,1900,UDP,136,0,CLEAN,Local LAN / Gateway Environment
10432,2026-08-06 14:30:00,N/A,N/A,1900,UDP,136,0,CLEAN,Local LAN / Gateway Environment
10431,2026-08-06 14:30:00,N/A,N/A,1900,UDP,136,0,CLEAN,Local LAN / Gateway Environment
10430,2026-08-06 14:30:00,N/A,N/A,1900,UDP,136,0,CLEAN,Local LAN / Gateway Environment
10429,2026-08-06 14:30:00,N/A,N/A,49476,UDP,60,0,CLEAN,Local LAN / Gateway Environment
10428,2026-08-06 14:30:00,N/A,N/A,21116,UDP,57,0,CLEAN,External Host (Unknown)
10427,2026-08-06 14:30:00,N/A,N/A,443,UDP,1292,0,CLEAN,External Host (Unknown)
10426,2026-08-06 14:30:00,N/A,N/A,49484,UDP,151,0,CLEAN,Local LAN / Gateway Environment
10425,2026-08-06 14:29:51,N/A,N/A,0,IpNextHeaderProtocol(1),98,0,CLEAN,Local LAN / Gateway Environment
10424,2026-08-06 14:29:51,N/A,N/A,0,IpNextHeaderProtocol(1),98,0,CLEAN,Local LAN / Gateway Environment
10423,2026-08-06 14:29:51,N/A,N/A,34668,UDP,168,0,CLEAN,Local LAN / Gateway Environment
10422,2026-08-06 14:29:51,N/A,N/A,53,UDP,87,0,CLEAN,Local LAN / Gateway Environment
10421,2026-08-06 14:29:51,N/A,N/A,53,UDP,87,0,CLEAN,Local LAN / Gateway Environment
10420,2026-08-06 14:29:51,N/A,N/A,443,TCP,889,0,CLEAN,External Host (Unknown)
10419,2026-08-06 14:29:51,N/A,N/A,443,TCP,151,0,CLEAN,External Host (Unknown)
10418,2026-08-06 14:29:51,N/A,N/A,443,TCP,66,0,CLEAN,External Host (Unknown)
10417,2026-08-06 14:29:51,N/A,N/A,39636,TCP,97,0,CLEAN,Local LAN / Gateway Environment
10415,2026-08-06 14:29:51,N/A,N/A,39636,TCP,66,0,CLEAN,Local LAN / Gateway Environment
10414,2026-08-06 14:29:51,N/A,N/A,14,UDP,64,0,CLEAN,Local LAN / Private Subnet
10413,2026-08-06 14:29:51,N/A,N/A,0,IpNextHeaderProtocol(1),98,0,CLEAN,Local LAN / Gateway Environment
10412,2026-08-06 14:29:51,N/A,N/A,443,TCP,889,0,CLEAN,External Host (Unknown)
10411,2026-08-06 14:29:51,N/A,N/A,443,TCP,152,0,CLEAN,External Host (Unknown)
10410,2026-08-06 14:29:51,N/A,N/A,443,TCP,66,0,CLEAN,External Host (Unknown)
10409,2026-08-06 14:29:51,N/A,N/A,39636,TCP,97,0,CLEAN,Local LAN / Gateway Environment
10407,2026-08-06 14:29:51,N/A,N/A,39636,TCP,66,0,CLEAN,Local LAN / Gateway Environment
10406,2026-08-06 14:29:51,N/A,N/A,0,IpNextHeaderProtocol(1),98,0,CLEAN,Local LAN / Gateway Environment
10405,2026-08-06 14:29:51,N/A,N/A,0,IpNextHeaderProtocol(1),98,0,CLEAN,Local LAN / Gateway Environment
10404,2026-08-06 14:29:51,N/A,N/A,0,IpNextHeaderProtocol(1),98,0,CLEAN,Local LAN / Gateway Environment
10403,2026-08-06 14:29:51,N/A,N/A,0,IpNextHeaderProtocol(1),98,0,CLEAN,Local LAN / Gateway Environment
10402,2026-08-06 14:29:51,N/A,N/A,0,IpNextHeaderProtocol(1),98,0,CLEAN,Local LAN / Gateway Environment
10401,2026-08-06 14:29:51,N/A,N/A,443,TCP,790,0,CLEAN,External Host (Unknown)
10400,2026-08-06 14:29:51,N/A,N/A,443,TCP,152,0,CLEAN,External Host (Unknown)
10399,2026-08-06 14:29:51,N/A,N/A,443,TCP,66,0,CLEAN,External Host (Unknown)
10398,2026-08-06 14:29:51,N/A,N/A,39636,TCP,97,0,CLEAN,Local LAN / Gateway Environment
10396,2026-08-06 14:29:51,N/A,N/A,39636,TCP,66,0,CLEAN,Local LAN / Gateway Environment
10395,2026-08-06 14:29:51,N/A,N/A,443,TCP,887,0,CLEAN,External Host (Unknown)
10394,2026-08-06 14:29:51,N/A,N/A,443,TCP,151,0,CLEAN,External Host (Unknown)
10393,2026-08-06 14:29:51,N/A,N/A,443,TCP,66,0,CLEAN,External Host (Unknown)
10392,2026-08-06 14:29:51,N/A,N/A,39636,TCP,97,0,CLEAN,Local LAN / Gateway Environment
10390,2026-08-06 14:29:51,N/A,N/A,39636,TCP,66,0,CLEAN,Local LAN / Gateway Environment
10389,2026-08-06 14:29:51,N/A,N/A,0,IpNextHeaderProtocol(1),98,0,CLEAN,Local LAN / Gateway Environment
10388,2026-08-06 14:29:51,N/A,N/A,0,IpNextHeaderProtocol(1),98,0,CLEAN,Local LAN / Gateway Environment
10387,2026-08-06 14:29:51,N/A,N/A,443,TCP,888,0,CLEAN,External Host (Unknown)
10386,2026-08-06 14:29:51,N/A,N/A,443,TCP,157,0,CLEAN,External Host (Unknown)
10385,2026-08-06 14:29:49,N/A,N/A,443,TCP,66,0,CLEAN,External Host (Unknown)
10384,2026-08-06 14:29:49,N/A,N/A,39636,TCP,97,0,CLEAN,Local LAN / Gateway Environment
10382,2026-08-06 14:29:49,N/A,N/A,39636,TCP,66,0,CLEAN,Local LAN / Gateway Environment
10381,2026-08-06 14:29:49,N/A,N/A,0,IpNextHeaderProtocol(1),98,0,CLEAN,Local LAN / Gateway Environment
10380,2026-08-06 14:29:49,N/A,N/A,54064,TCP,66,0,CLEAN,Local LAN / Gateway Environment
10379,2026-08-06 14:29:49,N/A,N/A,443,TCP,889,0,CLEAN,External Host (Unknown)
10378,2026-08-06 14:29:49,N/A,N/A,443,TCP,157,0,CLEAN,External Host (Unknown)
10377,2026-08-06 14:29:49,N/A,N/A,443,TCP,66,0,CLEAN,External Host (Unknown)
10376,2026-08-06 14:29:49,N/A,N/A,39636,TCP,97,0,CLEAN,Local LAN / Gateway Environment
10374,2026-08-06 14:29:49,N/A,N/A,39636,TCP,66,0,CLEAN,Local LAN / Gateway Environment
10373,2026-08-06 14:29:49,N/A,N/A,39636,TCP,66,0,CLEAN,Local LAN / Gateway Environment
10372,2026-08-06 14:29:49,N/A,N/A,443,TCP,66,0,CLEAN,External Host (Unknown)
10371,2026-08-06 14:29:49,N/A,N/A,54072,TCP,128,0,CLEAN,Local LAN / Gateway Environment
10370,2026-08-06 14:29:49,N/A,N/A,54072,TCP,245,0,CLEAN,Local LAN / Gateway Environment
10369,2026-08-06 14:29:49,N/A,N/A,54072,TCP,66,0,CLEAN,Local LAN / Gateway Environment
10368,2026-08-06 14:29:49,N/A,N/A,443,TCP,886,0,CLEAN,External Host (Unknown)
10367,2026-08-06 14:29:49,N/A,N/A,443,TCP,157,0,CLEAN,External Host (Unknown)
10366,2026-08-06 14:29:49,N/A,N/A,443,TCP,66,0,CLEAN,External Host (Unknown)
10365,2026-08-06 14:29:49,N/A,N/A,54064,TCP,97,0,CLEAN,Local LAN / Gateway Environment
10363,2026-08-06 14:29:49,N/A,N/A,443,TCP,97,0,CLEAN,External Host (Unknown)
10362,2026-08-06 14:29:49,N/A,N/A,54064,TCP,66,0,CLEAN,Local LAN / Gateway Environment
10361,2026-08-06 14:29:49,N/A,N/A,443,TCP,66,0,CLEAN,External Host (Unknown)
10360,2026-08-06 14:29:49,N/A,N/A,54064,TCP,137,0,CLEAN,Local LAN / Gateway Environment
10359,2026-08-06 14:29:49,N/A,N/A,54064,TCP,245,0,CLEAN,Local LAN / Gateway Environment
10358,2026-08-06 14:29:49,N/A,N/A,54064,TCP,66,0,CLEAN,Local LAN / Gateway Environment
10357,2026-08-06 14:29:49,N/A,N/A,54064,TCP,66,0,CLEAN,Local LAN / Gateway Environment
10356,2026-08-06 14:29:49,N/A,N/A,443,TCP,130,0,CLEAN,External Host (Unknown)
10355,2026-08-06 14:29:49,N/A,N/A,443,TCP,66,0,CLEAN,External Host (Unknown)
10353,2026-08-06 14:29:49,N/A,N/A,443,TCP,66,0,CLEAN,External Host (Unknown)
10351,2026-08-06 14:29:49,N/A,N/A,54072,TCP,66,0,CLEAN,Local LAN / Gateway Environment
10350,2026-08-06 14:29:49,N/A,N/A,54072,TCP,66,0,CLEAN,Local LAN / Gateway Environment
10349,2026-08-06 14:29:49,N/A,N/A,443,TCP,792,0,CLEAN,External Host (Unknown)
10348,2026-08-06 14:29:49,N/A,N/A,443,TCP,472,0,CLEAN,External Host (Unknown)
10347,2026-08-06 14:29:49,N/A,N/A,443,TCP,158,0,CLEAN,External Host (Unknown)
10346,2026-08-06 14:29:49,N/A,N/A,443,TCP,130,0,CLEAN,External Host (Unknown)
10345,2026-08-06 14:29:47,N/A,N/A,443,TCP,66,0,CLEAN,External Host (Unknown)
10343,2026-08-06 14:29:47,N/A,N/A,443,TCP,66,0,CLEAN,External Host (Unknown)
10341,2026-08-06 14:29:47,N/A,N/A,54064,TCP,66,0,CLEAN,Local LAN / Gateway Environment
10340,2026-08-06 14:29:47,N/A,N/A,54064,TCP,66,0,CLEAN,Local LAN / Gateway Environment
10339,2026-08-06 14:29:47,N/A,N/A,443,TCP,360,0,CLEAN,External Host (Unknown)
10338,2026-08-06 14:29:47,N/A,N/A,443,TCP,1514,0,CLEAN,External Host (Unknown)
10337,2026-08-06 14:29:47,N/A,N/A,443,TCP,66,0,CLEAN,External Host (Unknown)
10336,2026-08-06 14:29:47,N/A,N/A,54072,TCP,74,0,CLEAN,Local LAN / Gateway Environment
10335,2026-08-06 14:29:47,N/A,N/A,48644,TCP,66,0,CLEAN,Local LAN / Gateway Environment
10334,2026-08-06 14:29:47,N/A,N/A,54480,TCP,66,0,CLEAN,Local LAN / Gateway Environment
10333,2026-08-06 14:29:47,N/A,N/A,39636,TCP,66,0,CLEAN,Local LAN / Gateway Environment
10332,2026-08-06 14:29:47,N/A,N/A,443,TCP,66,0,CLEAN,External Host (Unknown)
10331,2026-08-06 14:29:47,N/A,N/A,36810,TCP,128,0,CLEAN,Local LAN / Gateway Environment
10330,2026-08-06 14:29:47,N/A,N/A,36810,TCP,245,0,CLEAN,Local LAN / Gateway Environment
10329,2026-08-06 14:29:47,N/A,N/A,36810,TCP,66,0,CLEAN,Local LAN / Gateway Environment
10328,2026-08-06 14:29:47,N/A,N/A,443,TCP,66,0,CLEAN,External Host (Unknown)
10327,2026-08-06 14:29:47,N/A,N/A,41206,TCP,128,0,CLEAN,Local LAN / Gateway Environment
10326,2026-08-06 14:29:47,N/A,N/A,41206,TCP,245,0,CLEAN,Local LAN / Gateway Environment
10325,2026-08-06 14:29:47,N/A,N/A,41206,TCP,66,0,CLEAN,Local LAN / Gateway Environment
10324,2026-08-06 14:29:47,N/A,N/A,443,TCP,392,0,CLEAN,External Host (Unknown)
10323,2026-08-06 14:29:47,N/A,N/A,443,TCP,1514,0,CLEAN,External Host (Unknown)
10322,2026-08-06 14:29:47,N/A,N/A,443,TCP,66,0,CLEAN,External Host (Unknown)
10321,2026-08-06 14:29:47,N/A,N/A,54064,TCP,74,0,CLEAN,Local LAN / Gateway Environment
10320,2026-08-06 14:29:47,N/A,N/A,443,TCP,74,0,CLEAN,External Host (Unknown)
10319,2026-08-06 14:29:47,N/A,N/A,443,TCP,66,0,CLEAN,External Host (Unknown)
10318,2026-08-06 14:29:46,N/A,N/A,443,TCP,74,0,CLEAN,External Host (Unknown)
10317,2026-08-06 14:29:46,N/A,N/A,34357,UDP,209,0,CLEAN,Local LAN / Gateway Environment
10316,2026-08-06 14:29:46,N/A,N/A,41939,UDP,195,0,CLEAN,Local LAN / Gateway Environment
10315,2026-08-06 14:29:46,N/A,N/A,53,UDP,131,0,CLEAN,Local LAN / Gateway Environment
10314,2026-08-06 14:29:46,N/A,N/A,53,UDP,131,0,CLEAN,Local LAN / Gateway Environment
10313,2026-08-06 14:29:46,N/A,N/A,443,TCP,97,0,CLEAN,External Host (Unknown)
10312,2026-08-06 14:29:46,N/A,N/A,443,TCP,97,0,CLEAN,External Host (Unknown)
10311,2026-08-06 14:29:46,N/A,N/A,443,TCP,130,0,CLEAN,External Host (Unknown)
10310,2026-08-06 14:29:46,N/A,N/A,443,TCP,130,0,CLEAN,External Host (Unknown)
10309,2026-08-06 14:29:46,N/A,N/A,443,TCP,66,0,CLEAN,External Host (Unknown)
10308,2026-08-06 14:29:46,N/A,N/A,443,TCP,66,0,CLEAN,External Host (Unknown)
10307,2026-08-06 14:29:46,N/A,N/A,443,TCP,66,0,CLEAN,External Host (Unknown)
10306,2026-08-06 14:29:46,N/A,N/A,36810,TCP,337,0,CLEAN,Local LAN / Gateway Environment
10304,2026-08-06 14:29:46,N/A,N/A,36810,TCP,66,0,CLEAN,Local LAN / Gateway Environment
10303,2026-08-06 14:29:46,N/A,N/A,443,TCP,66,0,CLEAN,External Host (Unknown)
10302,2026-08-06 14:29:46,N/A,N/A,443,TCP,66,0,CLEAN,External Host (Unknown)
10301,2026-08-06 14:29:46,N/A,N/A,443,TCP,54,0,CLEAN,External Host (Unknown)
10300,2026-08-06 14:29:46,N/A,N/A,443,TCP,54,0,CLEAN,External Host (Unknown)
10297,2026-08-06 14:29:46,N/A,N/A,41206,TCP,66,0,CLEAN,Local LAN / Gateway Environment
10296,2026-08-06 14:29:46,N/A,N/A,41206,TCP,66,0,CLEAN,Local LAN / Gateway Environment
10295,2026-08-06 14:29:46,N/A,N/A,39640,TCP,66,0,CLEAN,Local LAN / Gateway Environment
10294,2026-08-06 14:29:46,N/A,N/A,39640,TCP,90,0,CLEAN,Local LAN / Gateway Environment
10293,2026-08-06 14:29:46,N/A,N/A,443,TCP,54,0,CLEAN,External Host (Unknown)
10292,2026-08-06 14:29:46,N/A,N/A,443,TCP,66,0,CLEAN,External Host (Unknown)
10291,2026-08-06 14:29:46,N/A,N/A,39640,TCP,245,0,CLEAN,Local LAN / Gateway Environment
10290,2026-08-06 14:29:46,N/A,N/A,39640,TCP,66,0,CLEAN,Local LAN / Gateway Environment
10289,2026-08-06 14:29:46,N/A,N/A,39636,TCP,97,0,CLEAN,Local LAN / Gateway Environment
10287,2026-08-06 14:29:46,N/A,N/A,39636,TCP,189,0,CLEAN,Local LAN / Gateway Environment
10286,2026-08-06 14:29:46,N/A,N/A,54480,TCP,97,0,CLEAN,Local LAN / Gateway Environment
10284,2026-08-06 14:29:46,N/A,N/A,39636,TCP,66,0,CLEAN,Local LAN / Gateway Environment
10283,2026-08-06 14:29:46,N/A,N/A,39636,TCP,97,0,CLEAN,Local LAN / Gateway Environment
10282,2026-08-06 14:29:46,N/A,N/A,54480,TCP,97,0,CLEAN,Local LAN / Gateway Environment
10281,2026-08-06 14:29:46,N/A,N/A,39636,TCP,128,0,CLEAN,Local LAN / Gateway Environment
10280,2026-08-06 14:29:46,N/A,N/A,39636,TCP,245,0,CLEAN,Local LAN / Gateway Environment
10279,2026-08-06 14:29:46,N/A,N/A,39636,TCP,66,0,CLEAN,Local LAN / Gateway Environment
10278,2026-08-06 14:29:46,N/A,N/A,54480,TCP,128,0,CLEAN,Local LAN / Gateway Environment
10276,2026-08-06 14:29:46,N/A,N/A,54480,TCP,66,0,CLEAN,Local LAN / Gateway Environment
10275,2026-08-06 14:29:46,N/A,N/A,443,TCP,792,0,CLEAN,External Host (Unknown)
10274,2026-08-06 14:29:46,N/A,N/A,443,TCP,977,0,CLEAN,External Host (Unknown)
10273,2026-08-06 14:29:46,N/A,N/A,443,TCP,461,0,CLEAN,External Host (Unknown)
10272,2026-08-06 14:29:46,N/A,N/A,443,TCP,369,0,CLEAN,External Host (Unknown)
10271,2026-08-06 14:29:46,N/A,N/A,443,TCP,158,0,CLEAN,External Host (Unknown)
10270,2026-08-06 14:29:46,N/A,N/A,443,TCP,158,0,CLEAN,External Host (Unknown)
10269,2026-08-06 14:29:46,N/A,N/A,443,TCP,66,0,CLEAN,External Host (Unknown)
10268,2026-08-06 14:29:46,N/A,N/A,443,TCP,130,0,CLEAN,External Host (Unknown)
10267,2026-08-06 14:29:46,N/A,N/A,443,TCP,130,0,CLEAN,External Host (Unknown)
10266,2026-08-06 14:29:46,N/A,N/A,443,TCP,130,0,CLEAN,External Host (Unknown)
10265,2026-08-06 14:29:46,N/A,N/A,443,TCP,418,0,CLEAN,External Host (Unknown)
10264,2026-08-06 14:29:46,N/A,N/A,443,TCP,1514,0,CLEAN,External Host (Unknown)
10263,2026-08-06 14:29:46,N/A,N/A,443,TCP,451,0,CLEAN,External Host (Unknown)
10262,2026-08-06 14:29:46,N/A,N/A,443,TCP,1514,0,CLEAN,External Host (Unknown)
10261,2026-08-06 14:29:46,N/A,N/A,443,TCP,66,0,CLEAN,External Host (Unknown)
10260,2026-08-06 14:29:46,N/A,N/A,443,TCP,66,0,CLEAN,External Host (Unknown)
10259,2026-08-06 14:29:46,N/A,N/A,443,TCP,66,0,CLEAN,External Host (Unknown)
10257,2026-08-06 14:29:46,N/A,N/A,39640,TCP,66,0,CLEAN,Local LAN / Gateway Environment
10256,2026-08-06 14:29:46,N/A,N/A,39640,TCP,66,0,CLEAN,Local LAN / Gateway Environment
10253,2026-08-06 14:29:46,N/A,N/A,443,TCP,66,0,CLEAN,External Host (Unknown)
10251,2026-08-06 14:29:46,N/A,N/A,54480,TCP,66,0,CLEAN,Local LAN / Gateway Environment
10250,2026-08-06 14:29:46,N/A,N/A,443,TCP,66,0,CLEAN,External Host (Unknown)
10249,2026-08-06 14:29:46,N/A,N/A,443,TCP,66,0,CLEAN,External Host (Unknown)
10248,2026-08-06 14:29:46,N/A,N/A,443,TCP,66,0,CLEAN,External Host (Unknown)
10247,2026-08-06 14:29:46,N/A,N/A,443,TCP,66,0,CLEAN,External Host (Unknown)
10245,2026-08-06 14:29:46,N/A,N/A,39636,TCP,66,0,CLEAN,Local LAN / Gateway Environment
10244,2026-08-06 14:29:46,N/A,N/A,36810,TCP,74,0,CLEAN,Local LAN / Gateway Environment
10243,2026-08-06 14:29:46,N/A,N/A,41206,TCP,74,0,CLEAN,Local LAN / Gateway Environment
10242,2026-08-06 14:29:46,N/A,N/A,48644,TCP,66,0,CLEAN,Local LAN / Gateway Environment
10241,2026-08-06 14:29:46,N/A,N/A,40228,UDP,198,0,CLEAN,Local LAN / Gateway Environment
10240,2026-08-06 14:29:46,N/A,N/A,443,TCP,450,0,CLEAN,External Host (Unknown)
10239,2026-08-06 14:29:46,N/A,N/A,443,TCP,1514,0,CLEAN,External Host (Unknown)
10238,2026-08-06 14:29:46,N/A,N/A,443,TCP,66,0,CLEAN,External Host (Unknown)
10237,2026-08-06 14:29:46,N/A,N/A,39640,TCP,74,0,CLEAN,Local LAN / Gateway Environment
10236,2026-08-06 14:29:46,N/A,N/A,443,TCP,66,0,CLEAN,External Host (Unknown)
10235,2026-08-06 14:29:46,N/A,N/A,40608,TCP,97,0,CLEAN,Local LAN / Gateway Environment
10233,2026-08-06 14:29:46,N/A,N/A,443,TCP,355,0,CLEAN,External Host (Unknown)
10232,2026-08-06 14:29:46,N/A,N/A,443,TCP,1514,0,CLEAN,External Host (Unknown)
10231,2026-08-06 14:29:46,N/A,N/A,443,TCP,66,0,CLEAN,External Host (Unknown)
10230,2026-08-06 14:29:46,N/A,N/A,54480,TCP,74,0,CLEAN,Local LAN / Gateway Environment
10229,2026-08-06 14:29:45,N/A,N/A,443,TCP,450,0,CLEAN,External Host (Unknown)
10228,2026-08-06 14:29:45,N/A,N/A,443,TCP,1514,0,CLEAN,External Host (Unknown)
10227,2026-08-06 14:29:45,N/A,N/A,443,TCP,66,0,CLEAN,External Host (Unknown)
10226,2026-08-06 14:29:45,N/A,N/A,39636,TCP,74,0,CLEAN,Local LAN / Gateway Environment
10225,2026-08-06 14:29:45,N/A,N/A,53,UDP,120,0,CLEAN,Local LAN / Gateway Environment
10224,2026-08-06 14:29:45,N/A,N/A,34465,UDP,230,0,CLEAN,Local LAN / Gateway Environment
10223,2026-08-06 14:29:45,N/A,N/A,443,TCP,74,0,CLEAN,External Host (Unknown)
10222,2026-08-06 14:29:45,N/A,N/A,443,TCP,74,0,CLEAN,External Host (Unknown)
10221,2026-08-06 14:29:45,N/A,N/A,47294,TCP,66,0,CLEAN,Local LAN / Gateway Environment
10220,2026-08-06 14:29:45,N/A,N/A,57570,TCP,66,0,CLEAN,Local LAN / Gateway Environment
10219,2026-08-06 14:29:45,N/A,N/A,443,TCP,66,0,CLEAN,External Host (Unknown)
10218,2026-08-06 14:29:45,N/A,N/A,49969,UDP,198,0,CLEAN,Local LAN / Gateway Environment
10217,2026-08-06 14:29:45,N/A,N/A,0,IpNextHeaderProtocol(1),98,0,CLEAN,Local LAN / Gateway Environment
10216,2026-08-06 14:29:45,N/A,N/A,53,UDP,120,0,CLEAN,Local LAN / Gateway Environment
10215,2026-08-06 14:29:45,N/A,N/A,34187,UDP,229,0,CLEAN,Local LAN / Gateway Environment
10214,2026-08-06 14:29:45,N/A,N/A,443,TCP,66,0,CLEAN,External Host (Unknown)
10212,2026-08-06 14:29:45,N/A,N/A,443,TCP,97,0,CLEAN,External Host (Unknown)
10211,2026-08-06 14:29:45,N/A,N/A,443,TCP,66,0,CLEAN,External Host (Unknown)
10210,2026-08-06 14:29:45,N/A,N/A,47294,TCP,137,0,CLEAN,Local LAN / Gateway Environment
10209,2026-08-06 14:29:45,N/A,N/A,47294,TCP,245,0,CLEAN,Local LAN / Gateway Environment
10208,2026-08-06 14:29:45,N/A,N/A,47294,TCP,66,0,CLEAN,Local LAN / Gateway Environment
10207,2026-08-06 14:29:45,N/A,N/A,47294,TCP,66,0,CLEAN,Local LAN / Gateway Environment
10206,2026-08-06 14:29:45,N/A,N/A,40608,TCP,66,0,CLEAN,Local LAN / Gateway Environment
10205,2026-08-06 14:29:45,N/A,N/A,443,TCP,366,0,CLEAN,External Host (Unknown)
10203,2026-08-06 14:29:45,N/A,N/A,443,TCP,158,0,CLEAN,External Host (Unknown)
10202,2026-08-06 14:29:45,N/A,N/A,443,TCP,130,0,CLEAN,External Host (Unknown)
10201,2026-08-06 14:29:45,N/A,N/A,443,TCP,97,0,CLEAN,External Host (Unknown)
10200,2026-08-06 14:29:45,N/A,N/A,443,TCP,66,0,CLEAN,External Host (Unknown)
10199,2026-08-06 14:29:45,N/A,N/A,57570,TCP,97,0,CLEAN,Local LAN / Gateway Environment
10198,2026-08-06 14:29:45,N/A,N/A,57570,TCP,128,0,CLEAN,Local LAN / Gateway Environment
10196,2026-08-06 14:29:45,N/A,N/A,57570,TCP,66,0,CLEAN,Local LAN / Gateway Environment
10195,2026-08-06 14:29:45,N/A,N/A,443,TCP,66,0,CLEAN,External Host (Unknown)
10193,2026-08-06 14:29:45,N/A,N/A,443,TCP,66,0,CLEAN,External Host (Unknown)
10191,2026-08-06 14:29:45,N/A,N/A,47294,TCP,66,0,CLEAN,Local LAN / Gateway Environment
10190,2026-08-06 14:29:45,N/A,N/A,47294,TCP,66,0,CLEAN,Local LAN / Gateway Environment
10189,2026-08-06 14:29:45,N/A,N/A,443,TCP,97,0,CLEAN,External Host (Unknown)
10188,2026-08-06 14:29:45,N/A,N/A,443,TCP,66,0,CLEAN,External Host (Unknown)
10187,2026-08-06 14:29:45,N/A,N/A,40608,TCP,137,0,CLEAN,Local LAN / Gateway Environment
10186,2026-08-06 14:29:45,N/A,N/A,40608,TCP,245,0,CLEAN,Local LAN / Gateway Environment
10185,2026-08-06 14:29:45,N/A,N/A,40608,TCP,66,0,CLEAN,Local LAN / Gateway Environment
10184,2026-08-06 14:29:45,N/A,N/A,443,TCP,365,0,CLEAN,External Host (Unknown)
10183,2026-08-06 14:29:45,N/A,N/A,443,TCP,158,0,CLEAN,External Host (Unknown)
10182,2026-08-06 14:29:45,N/A,N/A,443,TCP,130,0,CLEAN,External Host (Unknown)
10181,2026-08-06 14:29:45,N/A,N/A,443,TCP,66,0,CLEAN,External Host (Unknown)
10180,2026-08-06 14:29:45,N/A,N/A,443,TCP,66,0,CLEAN,External Host (Unknown)
10177,2026-08-06 14:29:45,N/A,N/A,57570,TCP,66,0,CLEAN,Local LAN / Gateway Environment
10176,2026-08-06 14:29:45,N/A,N/A,57570,TCP,66,0,CLEAN,Local LAN / Gateway Environment
10175,2026-08-06 14:29:45,N/A,N/A,443,TCP,627,0,CLEAN,External Host (Unknown)
10174,2026-08-06 14:29:45,N/A,N/A,443,TCP,374,0,CLEAN,External Host (Unknown)
10173,2026-08-06 14:29:45,N/A,N/A,443,TCP,1494,0,CLEAN,External Host (Unknown)
10172,2026-08-06 14:29:45,N/A,N/A,443,TCP,66,0,CLEAN,External Host (Unknown)
10171,2026-08-06 14:29:45,N/A,N/A,443,TCP,158,0,CLEAN,External Host (Unknown)
10170,2026-08-06 14:29:45,N/A,N/A,47294,TCP,74,0,CLEAN,Local LAN / Gateway Environment
10169,2026-08-06 14:29:45,N/A,N/A,443,TCP,130,0,CLEAN,External Host (Unknown)
10168,2026-08-06 14:29:45,N/A,N/A,443,TCP,435,0,CLEAN,External Host (Unknown)
10167,2026-08-06 14:29:45,N/A,N/A,443,TCP,1494,0,CLEAN,External Host (Unknown)
10166,2026-08-06 14:29:45,N/A,N/A,443,TCP,66,0,CLEAN,External Host (Unknown)
10165,2026-08-06 14:29:45,N/A,N/A,57570,TCP,74,0,CLEAN,Local LAN / Gateway Environment
10164,2026-08-06 14:29:45,N/A,N/A,443,TCP,66,0,CLEAN,External Host (Unknown)
10163,2026-08-06 14:29:45,N/A,N/A,443,TCP,66,0,CLEAN,External Host (Unknown)
10160,2026-08-06 14:29:45,N/A,N/A,443,TCP,66,0,CLEAN,External Host (Unknown)
10158,2026-08-06 14:29:45,N/A,N/A,40608,TCP,66,0,CLEAN,Local LAN / Gateway Environment
10157,2026-08-06 14:29:45,N/A,N/A,40608,TCP,66,0,CLEAN,Local LAN / Gateway Environment
10156,2026-08-06 14:29:45,N/A,N/A,443,TCP,74,0,CLEAN,External Host (Unknown)
10155,2026-08-06 14:29:45,N/A,N/A,443,TCP,74,0,CLEAN,External Host (Unknown)
10154,2026-08-06 14:29:45,N/A,N/A,443,TCP,74,0,CLEAN,External Host (Unknown)
10153,2026-08-06 14:29:45,N/A,N/A,443,TCP,441,0,CLEAN,External Host (Unknown)
10152,2026-08-06 14:29:45,N/A,N/A,443,TCP,1494,0,CLEAN,External Host (Unknown)
10151,2026-08-06 14:29:45,N/A,N/A,443,TCP,66,0,CLEAN,External Host (Unknown)
10150,2026-08-06 14:29:45,N/A,N/A,40608,TCP,74,0,CLEAN,Local LAN / Gateway Environment
10149,2026-08-06 14:29:45,N/A,N/A,443,TCP,74,0,CLEAN,External Host (Unknown)
10148,2026-08-06 14:29:45,N/A,N/A,443,TCP,74,0,CLEAN,External Host (Unknown)
10147,2026-08-06 14:29:45,N/A,N/A,443,TCP,74,0,CLEAN,External Host (Unknown)
10146,2026-08-06 14:29:45,N/A,N/A,443,TCP,66,0,CLEAN,External Host (Unknown)
10145,2026-08-06 14:29:45,N/A,N/A,50674,TCP,66,0,CLEAN,Local LAN / Gateway Environment
10144,2026-08-06 14:29:45,N/A,N/A,46757,UDP,187,0,CLEAN,Local LAN / Gateway Environment
10143,2026-08-06 14:29:45,N/A,N/A,50674,TCP,66,0,CLEAN,Local LAN / Gateway Environment
10142,2026-08-06 14:29:45,N/A,N/A,53,UDP,92,0,CLEAN,Local LAN / Gateway Environment
10141,2026-08-06 14:29:45,N/A,N/A,53,UDP,92,0,CLEAN,Local LAN / Gateway Environment
10140,2026-08-06 14:29:45,N/A,N/A,49709,UDP,282,0,CLEAN,Local LAN / Gateway Environment
10139,2026-08-06 14:29:45,N/A,N/A,53,UDP,91,0,CLEAN,Local LAN / Gateway Environment
10138,2026-08-06 14:29:45,N/A,N/A,53,UDP,91,0,CLEAN,Local LAN / Gateway Environment
10137,2026-08-06 14:29:45,N/A,N/A,443,TCP,66,0,CLEAN,External Host (Unknown)
10135,2026-08-06 14:29:45,N/A,N/A,443,TCP,97,0,CLEAN,External Host (Unknown)
10134,2026-08-06 14:29:45,N/A,N/A,443,TCP,66,0,CLEAN,External Host (Unknown)
10133,2026-08-06 14:29:45,N/A,N/A,443,TCP,66,0,CLEAN,External Host (Unknown)
10132,2026-08-06 14:29:45,N/A,N/A,50674,TCP,137,0,CLEAN,Local LAN / Gateway Environment
10131,2026-08-06 14:29:45,N/A,N/A,50674,TCP,245,0,CLEAN,Local LAN / Gateway Environment
10130,2026-08-06 14:29:45,N/A,N/A,50674,TCP,66,0,CLEAN,Local LAN / Gateway Environment
10129,2026-08-06 14:29:45,N/A,N/A,443,TCP,400,0,CLEAN,External Host (Unknown)
10128,2026-08-06 14:29:45,N/A,N/A,443,TCP,158,0,CLEAN,External Host (Unknown)
10127,2026-08-06 14:29:45,N/A,N/A,443,TCP,130,0,CLEAN,External Host (Unknown)
10126,2026-08-06 14:29:45,N/A,N/A,0,IpNextHeaderProtocol(1),98,0,CLEAN,Local LAN / Gateway Environment
10125,2026-08-06 14:29:45,N/A,N/A,44087,UDP,156,0,CLEAN,Local LAN / Gateway Environment
10124,2026-08-06 14:29:44,N/A,N/A,443,TCP,66,0,CLEAN,External Host (Unknown)
10122,2026-08-06 14:29:44,N/A,N/A,443,TCP,66,0,CLEAN,External Host (Unknown)
10120,2026-08-06 14:29:44,N/A,N/A,50674,TCP,66,0,CLEAN,Local LAN / Gateway Environment
10119,2026-08-06 14:29:44,N/A,N/A,50674,TCP,66,0,CLEAN,Local LAN / Gateway Environment
10118,2026-08-06 14:29:44,N/A,N/A,138,UDP,243,0,CLEAN,Local LAN / Gateway Environment
10117,2026-08-06 14:29:44,N/A,N/A,443,TCP,406,0,CLEAN,External Host (Unknown)
10116,2026-08-06 14:29:44,N/A,N/A,443,TCP,1494,0,CLEAN,External Host (Unknown)
10115,2026-08-06 14:29:44,N/A,N/A,443,TCP,66,0,CLEAN,External Host (Unknown)
10114,2026-08-06 14:29:44,N/A,N/A,50674,TCP,74,0,CLEAN,Local LAN / Gateway Environment
10113,2026-08-06 14:29:44,N/A,N/A,443,TCP,54,0,CLEAN,External Host (Unknown)
10112,2026-08-06 14:29:44,N/A,N/A,50660,TCP,74,0,CLEAN,Local LAN / Gateway Environment
10111,2026-08-06 14:29:44,N/A,N/A,443,TCP,74,0,CLEAN,External Host (Unknown)
10110,2026-08-06 14:29:44,N/A,N/A,443,TCP,74,0,CLEAN,External Host (Unknown)
10109,2026-08-06 14:29:44,N/A,N/A,33983,UDP,198,0,CLEAN,Local LAN / Gateway Environment
10108,2026-08-06 14:29:44,N/A,N/A,53,UDP,91,0,CLEAN,Local LAN / Gateway Environment
10107,2026-08-06 14:29:44,N/A,N/A,53,UDP,91,0,CLEAN,Local LAN / Gateway Environment
10106,2026-08-06 14:29:40,N/A,N/A,14,UDP,64,0,CLEAN,Local LAN / Private Subnet
10105,2026-08-06 14:28:27,N/A,N/A,137,UDP,92,0,CLEAN,Local LAN / Gateway Environment
10104,2026-08-06 14:28:27,N/A,N/A,137,UDP,92,0,CLEAN,Local LAN / Gateway Environment
10103,2026-08-06 14:28:27,N/A,N/A,62078,TCP,74,0,CLEAN,Local LAN / Gateway Environment
10102,2026-08-06 14:28:27,N/A,N/A,137,UDP,92,0,CLEAN,Local LAN / Gateway Environment
10101,2026-08-06 14:28:27,N/A,N/A,53,UDP,98,0,CLEAN,Local LAN / Gateway Environment
10100,2026-08-06 14:28:27,N/A,N/A,5555,TCP,74,0,CLEAN,Local LAN / Gateway Environment
10099,2026-08-06 14:28:27,N/A,N/A,5555,TCP,74,0,CLEAN,Local LAN / Gateway Environment
10098,2026-08-06 14:28:27,N/A,N/A,5555,TCP,74,0,CLEAN,Local LAN / Gateway Environment
10097,2026-08-06 14:28:27,N/A,N/A,45531,UDP,98,0,CLEAN,Local LAN / Gateway Environment
10096,2026-08-06 14:28:27,N/A,N/A,53,UDP,98,0,CLEAN,Local LAN / Gateway Environment
10095,2026-08-06 14:28:27,N/A,N/A,40478,UDP,116,0,CLEAN,Local LAN / Gateway Environment
10094,2026-08-06 14:28:27,N/A,N/A,5353,UDP,87,0,CLEAN,Local LAN / Gateway Environment
10093,2026-08-06 14:28:27,N/A,N/A,54319,UDP,98,0,CLEAN,Local LAN / Gateway Environment
10092,2026-08-06 14:28:27,N/A,N/A,5353,UDP,86,0,CLEAN,Local LAN / Gateway Environment
10091,2026-08-06 14:28:27,N/A,N/A,0,IpNextHeaderProtocol(1),115,0,CLEAN,Local LAN / Gateway Environment
10090,2026-08-06 14:28:27,N/A,N/A,53,UDP,98,0,CLEAN,Local LAN / Gateway Environment
10089,2026-08-06 14:28:27,N/A,N/A,49409,UDP,133,0,CLEAN,Local LAN / Gateway Environment
10088,2026-08-06 14:28:27,N/A,N/A,5353,UDP,87,0,CLEAN,Local LAN / Gateway Environment
10087,2026-08-06 14:28:27,N/A,N/A,0,IpNextHeaderProtocol(1),120,0,CLEAN,Local LAN / Gateway Environment
10086,2026-08-06 14:28:27,N/A,N/A,62078,TCP,74,0,CLEAN,Local LAN / Gateway Environment
10085,2026-08-06 14:28:27,N/A,N/A,62078,TCP,74,0,CLEAN,Local LAN / Gateway Environment
10084,2026-08-06 14:28:27,N/A,N/A,62078,TCP,74,0,CLEAN,Local LAN / Gateway Environment
10083,2026-08-06 14:28:27,N/A,N/A,5555,TCP,74,0,CLEAN,Local LAN / Gateway Environment
10082,2026-08-06 14:28:27,N/A,N/A,62078,TCP,74,0,CLEAN,Local LAN / Gateway Environment
10081,2026-08-06 14:28:27,N/A,N/A,445,TCP,74,0,CLEAN,Local LAN / Gateway Environment
10080,2026-08-06 14:28:22,N/A,N/A,59888,UDP,97,0,CLEAN,Local LAN / Gateway Environment
10079,2026-08-06 14:28:22,N/A,N/A,445,TCP,74,0,CLEAN,Local LAN / Gateway Environment
10078,2026-08-06 14:28:22,N/A,N/A,445,TCP,74,0,CLEAN,Local LAN / Gateway Environment
10077,2026-08-06 14:28:22,N/A,N/A,5353,UDP,87,0,CLEAN,Local LAN / Gateway Environment
10076,2026-08-06 14:28:22,N/A,N/A,137,UDP,92,0,CLEAN,Local LAN / Gateway Environment
10075,2026-08-06 14:28:22,N/A,N/A,0,IpNextHeaderProtocol(1),98,0,CLEAN,Local LAN / Gateway Environment
10074,2026-08-06 14:28:22,N/A,N/A,53,UDP,97,0,CLEAN,Local LAN / Gateway Environment
10073,2026-08-06 14:28:22,N/A,N/A,60325,UDP,128,0,CLEAN,Local LAN / Gateway Environment
10072,2026-08-06 14:28:22,N/A,N/A,0,IpNextHeaderProtocol(1),98,0,CLEAN,Local LAN / Gateway Environment
10071,2026-08-06 14:28:22,N/A,N/A,59960,TCP,54,0,CLEAN,Local LAN / Gateway Environment
10070,2026-08-06 14:28:22,N/A,N/A,0,IpNextHeaderProtocol(1),115,0,CLEAN,Local LAN / Gateway Environment
10069,2026-08-06 14:28:22,N/A,N/A,5353,UDP,87,0,CLEAN,Local LAN / Gateway Environment
10068,2026-08-06 14:28:22,N/A,N/A,5353,UDP,86,0,CLEAN,Local LAN / Gateway Environment
10067,2026-08-06 14:28:22,N/A,N/A,0,IpNextHeaderProtocol(1),115,0,CLEAN,Local LAN / Gateway Environment
10066,2026-08-06 14:28:22,N/A,N/A,5353,UDP,87,0,CLEAN,Local LAN / Gateway Environment
10065,2026-08-06 14:28:22,N/A,N/A,62078,TCP,74,0,CLEAN,Local LAN / Gateway Environment
10064,2026-08-06 14:28:22,N/A,N/A,38098,TCP,54,0,CLEAN,Local LAN / Gateway Environment
10063,2026-08-06 14:28:22,N/A,N/A,5555,TCP,74,0,CLEAN,Local LAN / Gateway Environment
10062,2026-08-06 14:28:22,N/A,N/A,38720,TCP,54,0,CLEAN,Local LAN / Gateway Environment
10061,2026-08-06 14:28:22,N/A,N/A,0,IpNextHeaderProtocol(1),120,0,CLEAN,Local LAN / Gateway Environment
10060,2026-08-06 14:28:17,N/A,N/A,445,TCP,74,0,CLEAN,Local LAN / Gateway Environment
10059,2026-08-06 14:28:17,N/A,N/A,54420,TCP,54,0,CLEAN,Local LAN / Gateway Environment
10058,2026-08-06 14:28:17,N/A,N/A,137,UDP,92,0,CLEAN,Local LAN / Gateway Environment
10057,2026-08-06 14:28:17,N/A,N/A,0,IpNextHeaderProtocol(1),98,0,CLEAN,Local LAN / Gateway Environment
10056,2026-08-06 14:28:17,N/A,N/A,0,IpNextHeaderProtocol(1),164,0,CLEAN,Local LAN / Gateway Environment
10055,2026-08-06 14:28:17,N/A,N/A,0,IpNextHeaderProtocol(1),120,0,CLEAN,Local LAN / Gateway Environment
10054,2026-08-06 14:28:17,N/A,N/A,58520,TCP,60,0,CLEAN,Local LAN / Gateway Environment
10053,2026-08-06 14:28:17,N/A,N/A,58520,TCP,60,0,CLEAN,Local LAN / Gateway Environment
10052,2026-08-06 14:28:17,N/A,N/A,5555,TCP,74,0,CLEAN,Local LAN / Gateway Environment
10051,2026-08-06 14:28:17,N/A,N/A,52036,TCP,60,0,CLEAN,Local LAN / Gateway Environment
10050,2026-08-06 14:28:17,N/A,N/A,445,TCP,54,0,CLEAN,Local LAN / Gateway Environment
10049,2026-08-06 14:28:17,N/A,N/A,135,TCP,54,0,CLEAN,Local LAN / Gateway Environment
10048,2026-08-06 14:28:17,N/A,N/A,445,TCP,54,0,CLEAN,Local LAN / Gateway Environment
10047,2026-08-06 14:28:17,N/A,N/A,38360,TCP,60,0,CLEAN,Local LAN / Gateway Environment
10046,2026-08-06 14:28:17,N/A,N/A,58520,TCP,66,0,CLEAN,Local LAN / Gateway Environment
10045,2026-08-06 14:28:17,N/A,N/A,38360,TCP,60,0,CLEAN,Local LAN / Gateway Environment
10044,2026-08-06 14:28:17,N/A,N/A,55818,TCP,54,0,CLEAN,Local LAN / Gateway Environment
10043,2026-08-06 14:28:17,N/A,N/A,41430,TCP,60,0,CLEAN,Local LAN / Gateway Environment
10042,2026-08-06 14:28:17,N/A,N/A,445,TCP,74,0,CLEAN,Local LAN / Gateway Environment
10041,2026-08-06 14:28:17,N/A,N/A,135,TCP,54,0,CLEAN,Local LAN / Gateway Environment
10040,2026-08-06 14:28:12,N/A,N/A,5555,TCP,74,0,CLEAN,Local LAN / Gateway Environment
10039,2026-08-06 14:28:12,N/A,N/A,135,TCP,54,0,CLEAN,Local LAN / Gateway Environment
10038,2026-08-06 14:28:12,N/A,N/A,445,TCP,66,0,CLEAN,Local LAN / Gateway Environment
10037,2026-08-06 14:28:12,N/A,N/A,135,TCP,66,0,CLEAN,Local LAN / Gateway Environment
10036,2026-08-06 14:28:12,N/A,N/A,445,TCP,66,0,CLEAN,Local LAN / Gateway Environment
10035,2026-08-06 14:28:12,N/A,N/A,58148,TCP,60,0,CLEAN,Local LAN / Gateway Environment
10034,2026-08-06 14:28:12,N/A,N/A,58148,TCP,60,0,CLEAN,Local LAN / Gateway Environment
10033,2026-08-06 14:28:12,N/A,N/A,38360,TCP,66,0,CLEAN,Local LAN / Gateway Environment
10032,2026-08-06 14:28:12,N/A,N/A,33906,TCP,66,0,CLEAN,Local LAN / Gateway Environment
10031,2026-08-06 14:28:12,N/A,N/A,52036,TCP,74,0,CLEAN,Local LAN / Gateway Environment
10030,2026-08-06 14:28:12,N/A,N/A,5555,TCP,74,0,CLEAN,Local LAN / Gateway Environment
10029,2026-08-06 14:28:12,N/A,N/A,445,TCP,66,0,CLEAN,Local LAN / Gateway Environment
10028,2026-08-06 14:28:12,N/A,N/A,135,TCP,66,0,CLEAN,Local LAN / Gateway Environment
10027,2026-08-06 14:28:12,N/A,N/A,445,TCP,66,0,CLEAN,Local LAN / Gateway Environment
10026,2026-08-06 14:28:12,N/A,N/A,445,TCP,74,0,CLEAN,Local LAN / Gateway Environment
10025,2026-08-06 14:28:12,N/A,N/A,49640,TCP,66,0,CLEAN,Local LAN / Gateway Environment
10024,2026-08-06 14:28:12,N/A,N/A,49640,TCP,66,0,CLEAN,Local LAN / Gateway Environment
10023,2026-08-06 14:28:12,N/A,N/A,41430,TCP,74,0,CLEAN,Local LAN / Gateway Environment
10022,2026-08-06 14:28:12,N/A,N/A,5555,TCP,74,0,CLEAN,Local LAN / Gateway Environment
10021,2026-08-06 14:28:12,N/A,N/A,445,TCP,54,0,CLEAN,Local LAN / Gateway Environment
10020,2026-08-06 14:28:12,N/A,N/A,135,TCP,74,0,CLEAN,Local LAN / Gateway Environment
10019,2026-08-06 14:28:12,N/A,N/A,445,TCP,54,0,CLEAN,Local LAN / Gateway Environment
10018,2026-08-06 14:28:12,N/A,N/A,135,TCP,54,0,CLEAN,Local LAN / Gateway Environment
10017,2026-08-06 14:28:12,N/A,N/A,135,TCP,74,0,CLEAN,Local LAN / Gateway Environment
10016,2026-08-06 14:28:12,N/A,N/A,58148,TCP,66,0,CLEAN,Local LAN / Gateway Environment
10015,2026-08-06 14:28:12,N/A,N/A,58600,TCP,60,0,CLEAN,Local LAN / Gateway Environment
10014,2026-08-06 14:28:12,N/A,N/A,58600,TCP,60,0,CLEAN,Local LAN / Gateway Environment
10013,2026-08-06 14:28:12,N/A,N/A,445,TCP,74,0,CLEAN,Local LAN / Gateway Environment
10012,2026-08-06 14:28:12,N/A,N/A,445,TCP,74,0,CLEAN,Local LAN / Gateway Environment
10011,2026-08-06 14:28:12,N/A,N/A,445,TCP,74,0,CLEAN,Local LAN / Gateway Environment
10010,2026-08-06 14:28:12,N/A,N/A,135,TCP,66,0,CLEAN,Local LAN / Gateway Environment
10009,2026-08-06 14:28:12,N/A,N/A,135,TCP,54,0,CLEAN,Local LAN / Gateway Environment
10008,2026-08-06 14:28:12,N/A,N/A,135,TCP,66,0,CLEAN,Local LAN / Gateway Environment
10007,2026-08-06 14:28:12,N/A,N/A,135,TCP,54,0,CLEAN,Local LAN / Gateway Environment
10006,2026-08-06 14:28:12,N/A,N/A,135,TCP,66,0,CLEAN,Local LAN / Gateway Environment
10005,2026-08-06 14:28:12,N/A,N/A,135,TCP,66,0,CLEAN,Local LAN / Gateway Environment
10004,2026-08-06 14:28:12,N/A,N/A,49640,TCP,74,0,CLEAN,Local LAN / Gateway Environment
10003,2026-08-06 14:28:12,N/A,N/A,58600,TCP,66,0,CLEAN,Local LAN / Gateway Environment
10002,2026-08-06 14:28:12,N/A,N/A,33906,TCP,74,0,CLEAN,Local LAN / Gateway Environment
10001,2026-08-06 14:28:12,N/A,N/A,135,TCP,74,0,CLEAN,Local LAN / Gateway Environment
10000,2026-08-06 14:28:09,N/A,N/A,135,TCP,74,0,CLEAN,Local LAN / Gateway Environment
9999,2026-08-06 14:28:09,N/A,N/A,135,TCP,74,0,CLEAN,Local LAN / Gateway Environment
9998,2026-08-06 14:28:09,N/A,N/A,135,TCP,74,0,CLEAN,Local LAN / Gateway Environment
9997,2026-08-06 14:28:09,N/A,N/A,135,TCP,74,0,CLEAN,Local LAN / Gateway Environment
9996,2026-08-06 14:28:09,N/A,N/A,135,TCP,74,0,CLEAN,Local LAN / Gateway Environment
9995,2026-08-06 14:28:09,N/A,N/A,137,UDP,92,0,CLEAN,Local LAN / Gateway Environment
9994,2026-08-06 14:28:09,N/A,N/A,0,IpNextHeaderProtocol(1),98,0,CLEAN,Local LAN / Gateway Environment
9993,2026-08-06 14:28:09,N/A,N/A,0,IpNextHeaderProtocol(1),120,0,CLEAN,Local LAN / Gateway Environment
9992,2026-08-06 14:28:09,N/A,N/A,0,IpNextHeaderProtocol(1),98,0,CLEAN,Local LAN / Gateway Environment
9991,2026-08-06 14:28:09,N/A,N/A,57022,TCP,54,0,CLEAN,Local LAN / Gateway Environment
9990,2026-08-06 14:28:09,N/A,N/A,137,UDP,92,0,CLEAN,Local LAN / Gateway Environment
9989,2026-08-06 14:28:09,N/A,N/A,0,IpNextHeaderProtocol(1),98,0,CLEAN,Local LAN / Gateway Environment
9988,2026-08-06 14:28:09,N/A,N/A,0,IpNextHeaderProtocol(1),98,0,CLEAN,Local LAN / Gateway Environment
9987,2026-08-06 14:28:09,N/A,N/A,47730,TCP,54,0,CLEAN,Local LAN / Gateway Environment
9986,2026-08-06 14:28:09,N/A,N/A,62078,TCP,74,0,CLEAN,Local LAN / Gateway Environment
9985,2026-08-06 14:28:09,N/A,N/A,59890,TCP,54,0,CLEAN,Local LAN / Gateway Environment
9984,2026-08-06 14:28:09,N/A,N/A,0,IpNextHeaderProtocol(1),98,0,CLEAN,Local LAN / Gateway Environment
9983,2026-08-06 14:28:09,N/A,N/A,62078,TCP,74,0,CLEAN,Local LAN / Gateway Environment
9982,2026-08-06 14:28:09,N/A,N/A,42490,TCP,54,0,CLEAN,Local LAN / Gateway Environment
9981,2026-08-06 14:28:09,N/A,N/A,41854,TCP,54,0,CLEAN,Local LAN / Gateway Environment
9980,2026-08-06 14:28:09,N/A,N/A,5555,TCP,74,0,CLEAN,Local LAN / Gateway Environment
9979,2026-08-06 14:28:09,N/A,N/A,54814,TCP,54,0,CLEAN,Local LAN / Gateway Environment
9978,2026-08-06 14:28:09,N/A,N/A,5555,TCP,74,0,CLEAN,Local LAN / Gateway Environment
9977,2026-08-06 14:28:09,N/A,N/A,52242,TCP,54,0,CLEAN,Local LAN / Gateway Environment
9976,2026-08-06 14:28:09,N/A,N/A,62078,TCP,74,0,CLEAN,Local LAN / Gateway Environment
9975,2026-08-06 14:28:09,N/A,N/A,59566,TCP,54,0,CLEAN,Local LAN / Gateway Environment
9974,2026-08-06 14:28:09,N/A,N/A,445,TCP,74,0,CLEAN,Local LAN / Gateway Environment
9973,2026-08-06 14:28:09,N/A,N/A,51978,TCP,54,0,CLEAN,Local LAN / Gateway Environment
9972,2026-08-06 14:28:09,N/A,N/A,0,IpNextHeaderProtocol(1),120,0,CLEAN,Local LAN / Gateway Environment
9971,2026-08-06 14:28:09,N/A,N/A,137,UDP,92,0,CLEAN,Local LAN / Gateway Environment
9970,2026-08-06 14:28:09,N/A,N/A,0,IpNextHeaderProtocol(1),98,0,CLEAN,Local LAN / Gateway Environment
9969,2026-08-06 14:28:09,N/A,N/A,0,IpNextHeaderProtocol(1),98,0,CLEAN,Local LAN / Gateway Environment
9968,2026-08-06 14:28:09,N/A,N/A,5555,TCP,74,0,CLEAN,Local LAN / Gateway Environment
9967,2026-08-06 14:28:09,N/A,N/A,59670,TCP,54,0,CLEAN,Local LAN / Gateway Environment
9966,2026-08-06 14:28:09,N/A,N/A,56024,TCP,54,0,CLEAN,Local LAN / Gateway Environment
9965,2026-08-06 14:28:09,N/A,N/A,445,TCP,74,0,CLEAN,Local LAN / Gateway Environment
9964,2026-08-06 14:28:09,N/A,N/A,46034,TCP,54,0,CLEAN,Local LAN / Gateway Environment
9963,2026-08-06 14:28:09,N/A,N/A,62078,TCP,74,0,CLEAN,Local LAN / Gateway Environment
9962,2026-08-06 14:28:09,N/A,N/A,52354,TCP,54,0,CLEAN,Local LAN / Gateway Environment
9961,2026-08-06 14:28:09,N/A,N/A,5555,TCP,74,0,CLEAN,Local LAN / Gateway Environment
9960,2026-08-06 14:28:04,N/A,N/A,54210,TCP,54,0,CLEAN,Local LAN / Gateway Environment
9959,2026-08-06 14:28:04,N/A,N/A,445,TCP,74,0,CLEAN,Local LAN / Gateway Environment
9958,2026-08-06 14:28:04,N/A,N/A,34148,TCP,54,0,CLEAN,Local LAN / Gateway Environment
9957,2026-08-06 14:28:04,N/A,N/A,135,TCP,74,0,CLEAN,Local LAN / Gateway Environment
9956,2026-08-06 14:28:04,N/A,N/A,45346,TCP,54,0,CLEAN,Local LAN / Gateway Environment
9955,2026-08-06 14:28:04,N/A,N/A,445,TCP,74,0,CLEAN,Local LAN / Gateway Environment
9954,2026-08-06 14:28:04,N/A,N/A,37610,TCP,54,0,CLEAN,Local LAN / Gateway Environment
9953,2026-08-06 14:28:04,N/A,N/A,135,TCP,74,0,CLEAN,Local LAN / Gateway Environment
9952,2026-08-06 14:28:04,N/A,N/A,59484,TCP,54,0,CLEAN,Local LAN / Gateway Environment
9951,2026-08-06 14:28:04,N/A,N/A,135,TCP,74,0,CLEAN,Local LAN / Gateway Environment
9950,2026-08-06 14:28:04,N/A,N/A,46790,TCP,54,0,CLEAN,Local LAN / Gateway Environment
9949,2026-08-06 14:28:04,N/A,N/A,0,IpNextHeaderProtocol(1),120,0,CLEAN,Local LAN / Gateway Environment
9948,2026-08-06 14:28:04,N/A,N/A,0,IpNextHeaderProtocol(1),164,0,CLEAN,Local LAN / Gateway Environment
9947,2026-08-06 14:28:04,N/A,N/A,0,IpNextHeaderProtocol(1),98,0,CLEAN,Local LAN / Gateway Environment
9946,2026-08-06 14:28:04,N/A,N/A,137,UDP,92,0,CLEAN,Local LAN / Gateway Environment
9945,2026-08-06 14:28:04,N/A,N/A,0,IpNextHeaderProtocol(1),98,0,CLEAN,Local LAN / Gateway Environment
9944,2026-08-06 14:28:04,N/A,N/A,0,IpNextHeaderProtocol(1),164,0,CLEAN,Local LAN / Gateway Environment
9943,2026-08-06 14:28:04,N/A,N/A,0,IpNextHeaderProtocol(1),98,0,CLEAN,Local LAN / Gateway Environment
9942,2026-08-06 14:28:04,N/A,N/A,22,TCP,54,0,CLEAN,Local LAN / Gateway Environment
9941,2026-08-06 14:28:04,N/A,N/A,22,TCP,54,0,CLEAN,Local LAN / Gateway Environment
9940,2026-08-06 14:28:04,N/A,N/A,39094,TCP,66,0,CLEAN,Local LAN / Gateway Environment
9939,2026-08-06 14:28:04,N/A,N/A,39094,TCP,82,0,CLEAN,Local LAN / Gateway Environment
9938,2026-08-06 14:28:04,N/A,N/A,0,IpNextHeaderProtocol(1),98,0,CLEAN,Local LAN / Gateway Environment
9937,2026-08-06 14:28:04,N/A,N/A,41168,TCP,60,0,CLEAN,Local LAN / Gateway Environment
9936,2026-08-06 14:28:04,N/A,N/A,137,UDP,92,0,CLEAN,Local LAN / Gateway Environment
9935,2026-08-06 14:28:04,N/A,N/A,135,TCP,74,0,CLEAN,Local LAN / Gateway Environment
9934,2026-08-06 14:28:04,N/A,N/A,62078,TCP,74,0,CLEAN,Local LAN / Gateway Environment
9933,2026-08-06 14:28:04,N/A,N/A,0,IpNextHeaderProtocol(1),98,0,CLEAN,Local LAN / Gateway Environment
9932,2026-08-06 14:28:04,N/A,N/A,47338,TCP,54,0,CLEAN,Local LAN / Gateway Environment
9931,2026-08-06 14:28:04,N/A,N/A,42572,TCP,60,0,CLEAN,Local LAN / Gateway Environment
9930,2026-08-06 14:28:04,N/A,N/A,22,TCP,54,0,CLEAN,Local LAN / Gateway Environment
9929,2026-08-06 14:28:04,N/A,N/A,22,TCP,54,0,CLEAN,Local LAN / Gateway Environment
9928,2026-08-06 14:28:04,N/A,N/A,33982,TCP,66,0,CLEAN,Local LAN / Gateway Environment
9927,2026-08-06 14:28:04,N/A,N/A,33982,TCP,87,0,CLEAN,Local LAN / Gateway Environment
9926,2026-08-06 14:28:04,N/A,N/A,0,IpNextHeaderProtocol(1),98,0,CLEAN,Local LAN / Gateway Environment
9925,2026-08-06 14:28:04,N/A,N/A,5555,TCP,74,0,CLEAN,Local LAN / Gateway Environment
9924,2026-08-06 14:28:04,N/A,N/A,53724,TCP,60,0,CLEAN,Local LAN / Gateway Environment
9923,2026-08-06 14:28:04,N/A,N/A,43206,TCP,54,0,CLEAN,Local LAN / Gateway Environment
9922,2026-08-06 14:28:04,N/A,N/A,445,TCP,74,0,CLEAN,Local LAN / Gateway Environment
9921,2026-08-06 14:28:04,N/A,N/A,33800,TCP,60,0,CLEAN,Local LAN / Gateway Environment
9920,2026-08-06 14:28:01,N/A,N/A,0,IpNextHeaderProtocol(1),120,0,CLEAN,Local LAN / Gateway Environment
9919,2026-08-06 14:28:01,N/A,N/A,62078,TCP,74,0,CLEAN,Local LAN / Gateway Environment
9918,2026-08-06 14:28:01,N/A,N/A,39444,TCP,54,0,CLEAN,Local LAN / Gateway Environment
9917,2026-08-06 14:28:01,N/A,N/A,137,UDP,92,0,CLEAN,Local LAN / Gateway Environment
9916,2026-08-06 14:28:01,N/A,N/A,0,IpNextHeaderProtocol(1),98,0,CLEAN,Local LAN / Gateway Environment
9915,2026-08-06 14:28:01,N/A,N/A,5555,TCP,74,0,CLEAN,Local LAN / Gateway Environment
9914,2026-08-06 14:28:01,N/A,N/A,36082,TCP,54,0,CLEAN,Local LAN / Gateway Environment
9913,2026-08-06 14:28:01,N/A,N/A,33982,TCP,66,0,CLEAN,Local LAN / Gateway Environment
9912,2026-08-06 14:28:01,N/A,N/A,0,IpNextHeaderProtocol(1),98,0,CLEAN,Local LAN / Gateway Environment
9911,2026-08-06 14:28:01,N/A,N/A,135,TCP,74,0,CLEAN,Local LAN / Gateway Environment
9910,2026-08-06 14:28:01,N/A,N/A,22,TCP,66,0,CLEAN,Local LAN / Gateway Environment
9909,2026-08-06 14:28:01,N/A,N/A,22,TCP,66,0,CLEAN,Local LAN / Gateway Environment
9908,2026-08-06 14:28:01,N/A,N/A,33982,TCP,74,0,CLEAN,Local LAN / Gateway Environment
9907,2026-08-06 14:28:01,N/A,N/A,445,TCP,74,0,CLEAN,Local LAN / Gateway Environment
9906,2026-08-06 14:28:01,N/A,N/A,22,TCP,74,0,CLEAN,Local LAN / Gateway Environment
9905,2026-08-06 14:28:01,N/A,N/A,22,TCP,74,0,CLEAN,Local LAN / Gateway Environment
9904,2026-08-06 14:28:01,N/A,N/A,135,TCP,74,0,CLEAN,Local LAN / Gateway Environment
9903,2026-08-06 14:28:01,N/A,N/A,52712,TCP,54,0,CLEAN,Local LAN / Gateway Environment
9902,2026-08-06 14:28:01,N/A,N/A,22,TCP,74,0,CLEAN,Local LAN / Gateway Environment
9901,2026-08-06 14:28:01,N/A,N/A,57502,TCP,60,0,CLEAN,Local LAN / Gateway Environment
9900,2026-08-06 14:28:01,N/A,N/A,22,TCP,74,0,CLEAN,Local LAN / Gateway Environment
9899,2026-08-06 14:28:01,N/A,N/A,135,TCP,74,0,CLEAN,Local LAN / Gateway Environment
9898,2026-08-06 14:28:01,N/A,N/A,48624,TCP,54,0,CLEAN,Local LAN / Gateway Environment
9897,2026-08-06 14:28:01,N/A,N/A,34120,TCP,60,0,CLEAN,Local LAN / Gateway Environment
9896,2026-08-06 14:28:01,N/A,N/A,22,TCP,74,0,CLEAN,Local LAN / Gateway Environment
9895,2026-08-06 14:28:01,N/A,N/A,22,TCP,74,0,CLEAN,Local LAN / Gateway Environment
9894,2026-08-06 14:28:01,N/A,N/A,22,TCP,74,0,CLEAN,Local LAN / Gateway Environment
9893,2026-08-06 14:28:01,N/A,N/A,22,TCP,74,0,CLEAN,Local LAN / Gateway Environment
9892,2026-08-06 14:28:01,N/A,N/A,39094,TCP,66,0,CLEAN,Local LAN / Gateway Environment
9891,2026-08-06 14:28:01,N/A,N/A,22,TCP,74,0,CLEAN,Local LAN / Gateway Environment
9890,2026-08-06 14:28:01,N/A,N/A,62078,TCP,74,0,CLEAN,Local LAN / Gateway Environment
9889,2026-08-06 14:28:01,N/A,N/A,22,TCP,74,0,CLEAN,Local LAN / Gateway Environment
9888,2026-08-06 14:28:01,N/A,N/A,22,TCP,74,0,CLEAN,Local LAN / Gateway Environment
9887,2026-08-06 14:28:01,N/A,N/A,48202,TCP,60,0,CLEAN,Local LAN / Gateway Environment
9886,2026-08-06 14:28:01,N/A,N/A,22,TCP,74,0,CLEAN,Local LAN / Gateway Environment
9885,2026-08-06 14:28:01,N/A,N/A,5555,TCP,74,0,CLEAN,Local LAN / Gateway Environment
9884,2026-08-06 14:28:01,N/A,N/A,22,TCP,74,0,CLEAN,Local LAN / Gateway Environment
9883,2026-08-06 14:28:01,N/A,N/A,52320,TCP,60,0,CLEAN,Local LAN / Gateway Environment
9882,2026-08-06 14:28:01,N/A,N/A,445,TCP,74,0,CLEAN,Local LAN / Gateway Environment
9881,2026-08-06 14:28:01,N/A,N/A,59444,TCP,60,0,CLEAN,Local LAN / Gateway Environment
9880,2026-08-06 14:28:01,N/A,N/A,22,TCP,74,0,CLEAN,Local LAN / Gateway Environment
9879,2026-08-06 14:28:01,N/A,N/A,135,TCP,74,0,CLEAN,Local LAN / Gateway Environment
9878,2026-08-06 14:28:01,N/A,N/A,22,TCP,66,0,CLEAN,Local LAN / Gateway Environment
9877,2026-08-06 14:28:01,N/A,N/A,22,TCP,66,0,CLEAN,Local LAN / Gateway Environment
9876,2026-08-06 14:28:01,N/A,N/A,39094,TCP,74,0,CLEAN,Local LAN / Gateway Environment
9875,2026-08-06 14:28:01,N/A,N/A,22,TCP,74,0,CLEAN,Local LAN / Gateway Environment
9874,2026-08-06 14:28:01,N/A,N/A,0,IpNextHeaderProtocol(1),164,0,CLEAN,Local LAN / Gateway Environment
9873,2026-08-06 14:28:01,N/A,N/A,22,TCP,74,0,CLEAN,Local LAN / Gateway Environment
9872,2026-08-06 14:28:01,N/A,N/A,0,IpNextHeaderProtocol(1),164,0,CLEAN,Local LAN / Gateway Environment
9871,2026-08-06 14:28:01,N/A,N/A,0,IpNextHeaderProtocol(1),164,0,CLEAN,Local LAN / Gateway Environment
9870,2026-08-06 14:28:01,N/A,N/A,1900,UDP,136,0,CLEAN,Local LAN / Gateway Environment
9869,2026-08-06 14:28:01,N/A,N/A,1900,UDP,136,0,CLEAN,Local LAN / Gateway Environment
9868,2026-08-06 14:28:01,N/A,N/A,1900,UDP,136,0,CLEAN,Local LAN / Gateway Environment
9867,2026-08-06 14:28:01,N/A,N/A,1900,UDP,136,0,CLEAN,Local LAN / Gateway Environment
9866,2026-08-06 14:28:01,N/A,N/A,1900,UDP,136,0,CLEAN,Local LAN / Gateway Environment
9865,2026-08-06 14:28:01,N/A,N/A,0,IpNextHeaderProtocol(1),164,0,CLEAN,Local LAN / Gateway Environment
9864,2026-08-06 14:28:01,N/A,N/A,1900,UDP,136,0,CLEAN,Local LAN / Gateway Environment
9863,2026-08-06 14:28:01,N/A,N/A,1900,UDP,136,0,CLEAN,Local LAN / Gateway Environment
9862,2026-08-06 14:28:01,N/A,N/A,1900,UDP,136,0,CLEAN,Local LAN / Gateway Environment
9861,2026-08-06 14:28:01,N/A,N/A,1900,UDP,136,0,CLEAN,Local LAN / Gateway Environment
9860,2026-08-06 14:28:01,N/A,N/A,1900,UDP,136,0,CLEAN,Local LAN / Gateway Environment
9859,2026-08-06 14:28:01,N/A,N/A,1900,UDP,136,0,CLEAN,Local LAN / Gateway Environment
9858,2026-08-06 14:28:01,N/A,N/A,1900,UDP,136,0,CLEAN,Local LAN / Gateway Environment
9857,2026-08-06 14:28:01,N/A,N/A,1900,UDP,136,0,CLEAN,Local LAN / Gateway Environment
9856,2026-08-06 14:28:01,N/A,N/A,1900,UDP,136,0,CLEAN,Local LAN / Gateway Environment
9855,2026-08-06 14:28:01,N/A,N/A,0,IpNextHeaderProtocol(1),164,0,CLEAN,Local LAN / Gateway Environment
9854,2026-08-06 14:28:01,N/A,N/A,1900,UDP,136,0,CLEAN,Local LAN / Gateway Environment
9853,2026-08-06 14:28:01,N/A,N/A,1900,UDP,136,0,CLEAN,Local LAN / Gateway Environment
9852,2026-08-06 14:28:00,N/A,N/A,49476,UDP,60,0,CLEAN,Local LAN / Gateway Environment
9851,2026-08-06 14:28:00,N/A,N/A,21116,UDP,57,0,CLEAN,External Host (Unknown)
9850,2026-08-06 14:27:59,N/A,N/A,0,IpNextHeaderProtocol(1),98,0,CLEAN,Local LAN / Gateway Environment
9849,2026-08-06 14:27:59,N/A,N/A,0,IpNextHeaderProtocol(1),98,0,CLEAN,Local LAN / Gateway Environment
9848,2026-08-06 14:27:59,N/A,N/A,0,IpNextHeaderProtocol(1),98,0,CLEAN,Local LAN / Gateway Environment
9847,2026-08-06 14:27:59,N/A,N/A,0,IpNextHeaderProtocol(1),98,0,CLEAN,Local LAN / Gateway Environment
9846,2026-08-06 14:27:59,N/A,N/A,0,IpNextHeaderProtocol(1),98,0,CLEAN,Local LAN / Gateway Environment
9845,2026-08-06 14:27:58,N/A,N/A,0,IpNextHeaderProtocol(1),98,0,CLEAN,Local LAN / Gateway Environment
9844,2026-08-06 14:27:58,N/A,N/A,0,IpNextHeaderProtocol(1),98,0,CLEAN,Local LAN / Gateway Environment
9843,2026-08-06 14:27:58,N/A,N/A,0,IpNextHeaderProtocol(1),98,0,CLEAN,Local LAN / Gateway Environment
9842,2026-08-06 14:27:58,N/A,N/A,0,IpNextHeaderProtocol(1),98,0,CLEAN,Local LAN / Gateway Environment
9841,2026-08-06 14:27:58,N/A,N/A,0,IpNextHeaderProtocol(1),98,0,CLEAN,Local LAN / Gateway Environment
9840,2026-08-06 14:27:57,N/A,N/A,0,IpNextHeaderProtocol(1),98,0,CLEAN,Local LAN / Gateway Environment
9839,2026-08-06 14:27:57,N/A,N/A,0,IpNextHeaderProtocol(1),98,0,CLEAN,Local LAN / Gateway Environment
9838,2026-08-06 14:27:57,N/A,N/A,0,IpNextHeaderProtocol(1),98,0,CLEAN,Local LAN / Gateway Environment
9837,2026-08-06 14:27:57,N/A,N/A,0,IpNextHeaderProtocol(1),98,0,CLEAN,Local LAN / Gateway Environment
9836,2026-08-06 14:27:57,N/A,N/A,0,IpNextHeaderProtocol(1),98,0,CLEAN,Local LAN / Gateway Environment
9835,2026-08-06 14:27:53,N/A,N/A,443,TCP,66,0,CLEAN,External Host (Unknown)
9834,2026-08-06 14:27:53,N/A,N/A,48644,TCP,66,0,CLEAN,Local LAN / Gateway Environment
9833,2026-08-06 14:27:52,N/A,N/A,48644,TCP,66,0,CLEAN,Local LAN / Gateway Environment
9832,2026-08-06 14:27:51,N/A,N/A,443,TCP,66,0,CLEAN,External Host (Unknown)
9831,2026-08-06 14:27:50,N/A,N/A,14,UDP,64,0,CLEAN,Local LAN / Private Subnet
9830,2026-08-06 14:27:49,N/A,N/A,5678,UDP,159,0,CLEAN,Local LAN / Private Subnet
9829,2026-08-06 14:27:49,N/A,N/A,49476,UDP,60,0,CLEAN,Local LAN / Gateway Environment
9828,2026-08-06 14:27:49,N/A,N/A,21116,UDP,57,0,CLEAN,External Host (Unknown)
9827,2026-08-06 14:27:49,N/A,N/A,33658,UDP,98,0,CLEAN,Local LAN / Gateway Environment
9826,2026-08-06 14:27:49,N/A,N/A,49225,UDP,98,0,CLEAN,Local LAN / Gateway Environment
9825,2026-08-06 14:27:49,N/A,N/A,47838,UDP,98,0,CLEAN,Local LAN / Gateway Environment
9824,2026-08-06 14:27:49,N/A,N/A,53,UDP,98,0,CLEAN,Local LAN / Gateway Environment
9823,2026-08-06 14:27:49,N/A,N/A,53,UDP,98,0,CLEAN,Local LAN / Gateway Environment
9822,2026-08-06 14:27:49,N/A,N/A,53,UDP,98,0,CLEAN,Local LAN / Gateway Environment
9821,2026-08-06 14:27:49,N/A,N/A,5353,UDP,87,0,CLEAN,Local LAN / Gateway Environment
9820,2026-08-06 14:27:49,N/A,N/A,5353,UDP,87,0,CLEAN,Local LAN / Gateway Environment
9819,2026-08-06 14:27:49,N/A,N/A,5353,UDP,87,0,CLEAN,Local LAN / Gateway Environment
9818,2026-08-06 14:27:49,N/A,N/A,443,TCP,66,0,CLEAN,External Host (Unknown)
9817,2026-08-06 14:27:49,N/A,N/A,48644,TCP,66,0,CLEAN,Local LAN / Gateway Environment
9816,2026-08-06 14:27:49,N/A,N/A,137,UDP,92,0,CLEAN,Local LAN / Gateway Environment
9815,2026-08-06 14:27:49,N/A,N/A,137,UDP,92,0,CLEAN,Local LAN / Gateway Environment
9814,2026-08-06 14:27:49,N/A,N/A,137,UDP,92,0,CLEAN,Local LAN / Gateway Environment
9813,2026-08-06 14:27:49,N/A,N/A,59605,UDP,97,0,CLEAN,Local LAN / Gateway Environment
9812,2026-08-06 14:27:49,N/A,N/A,53,UDP,97,0,CLEAN,Local LAN / Gateway Environment
9811,2026-08-06 14:27:49,N/A,N/A,54254,UDP,96,0,CLEAN,Local LAN / Gateway Environment
9810,2026-08-06 14:27:49,N/A,N/A,53,UDP,96,0,CLEAN,Local LAN / Gateway Environment
9809,2026-08-06 14:27:49,N/A,N/A,60376,UDP,97,0,CLEAN,Local LAN / Gateway Environment
9808,2026-08-06 14:27:49,N/A,N/A,53,UDP,97,0,CLEAN,Local LAN / Gateway Environment
9807,2026-08-06 14:27:49,N/A,N/A,0,IpNextHeaderProtocol(1),114,0,CLEAN,Local LAN / Gateway Environment
9806,2026-08-06 14:27:49,N/A,N/A,0,IpNextHeaderProtocol(1),98,0,CLEAN,Local LAN / Gateway Environment
9805,2026-08-06 14:27:49,N/A,N/A,0,IpNextHeaderProtocol(1),98,0,CLEAN,Local LAN / Gateway Environment
9804,2026-08-06 14:27:49,N/A,N/A,0,IpNextHeaderProtocol(1),98,0,CLEAN,Local LAN / Gateway Environment
9803,2026-08-06 14:27:49,N/A,N/A,0,IpNextHeaderProtocol(1),98,0,CLEAN,Local LAN / Gateway Environment
9802,2026-08-06 14:27:49,N/A,N/A,0,IpNextHeaderProtocol(1),98,0,CLEAN,Local LAN / Gateway Environment
9801,2026-08-06 14:27:49,N/A,N/A,0,IpNextHeaderProtocol(1),98,0,CLEAN,Local LAN / Gateway Environment
9800,2026-08-06 14:27:42,N/A,N/A,0,IpNextHeaderProtocol(1),98,0,CLEAN,Local LAN / Gateway Environment
9799,2026-08-06 14:27:42,N/A,N/A,443,TCP,66,0,CLEAN,External Host (Unknown)
9798,2026-08-06 14:27:42,N/A,N/A,48644,TCP,66,0,CLEAN,Local LAN / Gateway Environment
9797,2026-08-06 14:27:42,N/A,N/A,48644,TCP,66,0,CLEAN,Local LAN / Gateway Environment
9796,2026-08-06 14:27:42,N/A,N/A,443,TCP,66,0,CLEAN,External Host (Unknown)
9795,2026-08-06 14:27:42,N/A,N/A,14,UDP,64,0,CLEAN,Local LAN / Private Subnet
9794,2026-08-06 14:27:42,N/A,N/A,49476,UDP,60,0,CLEAN,Local LAN / Gateway Environment
9793,2026-08-06 14:27:42,N/A,N/A,21116,UDP,57,0,CLEAN,External Host (Unknown)
9792,2026-08-06 14:27:42,N/A,N/A,47986,UDP,98,0,CLEAN,Local LAN / Gateway Environment
9791,2026-08-06 14:27:42,N/A,N/A,42718,UDP,98,0,CLEAN,Local LAN / Gateway Environment
9790,2026-08-06 14:27:42,N/A,N/A,49628,UDP,98,0,CLEAN,Local LAN / Gateway Environment
9789,2026-08-06 14:27:42,N/A,N/A,53,UDP,98,0,CLEAN,Local LAN / Gateway Environment
9788,2026-08-06 14:27:42,N/A,N/A,53,UDP,98,0,CLEAN,Local LAN / Gateway Environment
9787,2026-08-06 14:27:42,N/A,N/A,53,UDP,98,0,CLEAN,Local LAN / Gateway Environment
9786,2026-08-06 14:27:42,N/A,N/A,5353,UDP,87,0,CLEAN,Local LAN / Gateway Environment
9785,2026-08-06 14:27:42,N/A,N/A,5353,UDP,87,0,CLEAN,Local LAN / Gateway Environment
9784,2026-08-06 14:27:42,N/A,N/A,5353,UDP,87,0,CLEAN,Local LAN / Gateway Environment
9783,2026-08-06 14:27:42,N/A,N/A,137,UDP,92,0,CLEAN,Local LAN / Gateway Environment
9782,2026-08-06 14:27:42,N/A,N/A,137,UDP,92,0,CLEAN,Local LAN / Gateway Environment
9781,2026-08-06 14:27:42,N/A,N/A,137,UDP,92,0,CLEAN,Local LAN / Gateway Environment
9780,2026-08-06 14:27:38,N/A,N/A,443,TCP,66,0,CLEAN,External Host (Unknown)
9779,2026-08-06 14:27:38,N/A,N/A,48644,TCP,66,0,CLEAN,Local LAN / Gateway Environment
9778,2026-08-06 14:27:38,N/A,N/A,39930,UDP,96,0,CLEAN,Local LAN / Gateway Environment
9777,2026-08-06 14:27:38,N/A,N/A,53,UDP,96,0,CLEAN,Local LAN / Gateway Environment
9776,2026-08-06 14:27:38,N/A,N/A,5353,UDP,85,0,CLEAN,Local LAN / Gateway Environment
9775,2026-08-06 14:27:38,N/A,N/A,0,IpNextHeaderProtocol(1),98,0,CLEAN,Local LAN / Gateway Environment
9774,2026-08-06 14:27:38,N/A,N/A,0,IpNextHeaderProtocol(1),98,0,CLEAN,Local LAN / Gateway Environment
9773,2026-08-06 14:27:38,N/A,N/A,0,IpNextHeaderProtocol(1),98,0,CLEAN,Local LAN / Gateway Environment
9772,2026-08-06 14:27:38,N/A,N/A,137,UDP,92,0,CLEAN,Local LAN / Gateway Environment
9771,2026-08-06 14:27:38,N/A,N/A,62078,TCP,74,0,CLEAN,Local LAN / Gateway Environment
9770,2026-08-06 14:27:38,N/A,N/A,62078,TCP,74,0,CLEAN,Local LAN / Gateway Environment
9769,2026-08-06 14:27:38,N/A,N/A,62078,TCP,74,0,CLEAN,Local LAN / Gateway Environment
9768,2026-08-06 14:27:38,N/A,N/A,42521,UDP,98,0,CLEAN,Local LAN / Gateway Environment
9767,2026-08-06 14:27:38,N/A,N/A,53,UDP,98,0,CLEAN,Local LAN / Gateway Environment
9766,2026-08-06 14:27:38,N/A,N/A,38502,UDP,98,0,CLEAN,Local LAN / Gateway Environment
9765,2026-08-06 14:27:38,N/A,N/A,33080,UDP,199,0,CLEAN,Local LAN / Gateway Environment
9764,2026-08-06 14:27:38,N/A,N/A,53,UDP,98,0,CLEAN,Local LAN / Gateway Environment
9763,2026-08-06 14:27:38,N/A,N/A,36948,UDP,98,0,CLEAN,Local LAN / Gateway Environment
9762,2026-08-06 14:27:38,N/A,N/A,49457,UDP,97,0,CLEAN,Local LAN / Gateway Environment
9761,2026-08-06 14:27:38,N/A,N/A,52861,UDP,97,0,CLEAN,Local LAN / Gateway Environment
9760,2026-08-06 14:27:31,N/A,N/A,46544,UDP,97,0,CLEAN,Local LAN / Gateway Environment
9759,2026-08-06 14:27:31,N/A,N/A,58921,UDP,97,0,CLEAN,Local LAN / Gateway Environment
9758,2026-08-06 14:27:31,N/A,N/A,137,UDP,92,0,CLEAN,Local LAN / Gateway Environment
9757,2026-08-06 14:27:31,N/A,N/A,53,UDP,98,0,CLEAN,Local LAN / Gateway Environment
9756,2026-08-06 14:27:31,N/A,N/A,53,UDP,97,0,CLEAN,Local LAN / Gateway Environment
9755,2026-08-06 14:27:31,N/A,N/A,53,UDP,97,0,CLEAN,Local LAN / Gateway Environment
9754,2026-08-06 14:27:31,N/A,N/A,53,UDP,97,0,CLEAN,Local LAN / Gateway Environment
9753,2026-08-06 14:27:31,N/A,N/A,53,UDP,97,0,CLEAN,Local LAN / Gateway Environment
9752,2026-08-06 14:27:31,N/A,N/A,54110,UDP,98,0,CLEAN,Local LAN / Gateway Environment
9751,2026-08-06 14:27:31,N/A,N/A,34922,UDP,98,0,CLEAN,Local LAN / Gateway Environment
9749,2026-08-06 14:27:31,N/A,N/A,38996,UDP,199,0,CLEAN,Local LAN / Gateway Environment
9748,2026-08-06 14:27:31,N/A,N/A,137,UDP,92,0,CLEAN,Local LAN / Gateway Environment
9747,2026-08-06 14:27:31,N/A,N/A,137,UDP,92,0,CLEAN,Local LAN / Gateway Environment
9746,2026-08-06 14:27:31,N/A,N/A,53,UDP,98,0,CLEAN,Local LAN / Gateway Environment
9745,2026-08-06 14:27:31,N/A,N/A,51693,UDP,199,0,CLEAN,Local LAN / Gateway Environment
9744,2026-08-06 14:27:31,N/A,N/A,62078,TCP,74,0,CLEAN,Local LAN / Gateway Environment
9743,2026-08-06 14:27:31,N/A,N/A,137,UDP,92,0,CLEAN,Local LAN / Gateway Environment
9742,2026-08-06 14:27:31,N/A,N/A,53,UDP,98,0,CLEAN,Local LAN / Gateway Environment
9741,2026-08-06 14:27:31,N/A,N/A,0,IpNextHeaderProtocol(1),115,0,CLEAN,Local LAN / Gateway Environment
9740,2026-08-06 14:27:31,N/A,N/A,5555,TCP,74,0,CLEAN,Local LAN / Gateway Environment
9739,2026-08-06 14:27:31,N/A,N/A,5555,TCP,74,0,CLEAN,Local LAN / Gateway Environment
9738,2026-08-06 14:27:31,N/A,N/A,5555,TCP,74,0,CLEAN,Local LAN / Gateway Environment
9737,2026-08-06 14:27:31,N/A,N/A,0,IpNextHeaderProtocol(1),114,0,CLEAN,Local LAN / Gateway Environment
9736,2026-08-06 14:27:31,N/A,N/A,42594,UDP,98,0,CLEAN,Local LAN / Gateway Environment
9735,2026-08-06 14:27:31,N/A,N/A,53,UDP,98,0,CLEAN,Local LAN / Gateway Environment
9734,2026-08-06 14:27:31,N/A,N/A,38196,UDP,133,0,CLEAN,Local LAN / Gateway Environment
9733,2026-08-06 14:27:31,N/A,N/A,0,IpNextHeaderProtocol(1),115,0,CLEAN,Local LAN / Gateway Environment
9732,2026-08-06 14:27:31,N/A,N/A,62078,TCP,74,0,CLEAN,Local LAN / Gateway Environment
9731,2026-08-06 14:27:31,N/A,N/A,48644,TCP,66,0,CLEAN,Local LAN / Gateway Environment
9730,2026-08-06 14:27:31,N/A,N/A,41206,UDP,97,0,CLEAN,Local LAN / Gateway Environment
9729,2026-08-06 14:27:31,N/A,N/A,62078,TCP,74,0,CLEAN,Local LAN / Gateway Environment
9728,2026-08-06 14:27:31,N/A,N/A,62078,TCP,74,0,CLEAN,Local LAN / Gateway Environment
9727,2026-08-06 14:27:31,N/A,N/A,5353,UDP,87,0,CLEAN,Local LAN / Gateway Environment
9726,2026-08-06 14:27:31,N/A,N/A,5555,TCP,74,0,CLEAN,Local LAN / Gateway Environment
9725,2026-08-06 14:27:31,N/A,N/A,62078,TCP,74,0,CLEAN,Local LAN / Gateway Environment
9724,2026-08-06 14:27:31,N/A,N/A,53,UDP,97,0,CLEAN,Local LAN / Gateway Environment
9723,2026-08-06 14:27:31,N/A,N/A,5353,UDP,87,0,CLEAN,Local LAN / Gateway Environment
9722,2026-08-06 14:27:31,N/A,N/A,44637,UDP,128,0,CLEAN,Local LAN / Gateway Environment
9721,2026-08-06 14:27:31,N/A,N/A,445,TCP,74,0,CLEAN,Local LAN / Gateway Environment
9720,2026-08-06 14:27:27,N/A,N/A,445,TCP,74,0,CLEAN,Local LAN / Gateway Environment
9719,2026-08-06 14:27:27,N/A,N/A,445,TCP,74,0,CLEAN,Local LAN / Gateway Environment
9718,2026-08-06 14:27:27,N/A,N/A,48230,UDP,98,0,CLEAN,Local LAN / Gateway Environment
9717,2026-08-06 14:27:27,N/A,N/A,5353,UDP,87,0,CLEAN,Local LAN / Gateway Environment
9716,2026-08-06 14:27:27,N/A,N/A,53,UDP,98,0,CLEAN,Local LAN / Gateway Environment
9715,2026-08-06 14:27:27,N/A,N/A,59409,UDP,116,0,CLEAN,Local LAN / Gateway Environment
9714,2026-08-06 14:27:27,N/A,N/A,5353,UDP,87,0,CLEAN,Local LAN / Gateway Environment
9713,2026-08-06 14:27:27,N/A,N/A,0,IpNextHeaderProtocol(1),115,0,CLEAN,Local LAN / Gateway Environment
9712,2026-08-06 14:27:27,N/A,N/A,0,IpNextHeaderProtocol(1),114,0,CLEAN,Local LAN / Gateway Environment
9711,2026-08-06 14:27:27,N/A,N/A,5353,UDP,87,0,CLEAN,Local LAN / Gateway Environment
9710,2026-08-06 14:27:27,N/A,N/A,5353,UDP,86,0,CLEAN,Local LAN / Gateway Environment
9709,2026-08-06 14:27:27,N/A,N/A,5353,UDP,86,0,CLEAN,Local LAN / Gateway Environment
9708,2026-08-06 14:27:27,N/A,N/A,0,IpNextHeaderProtocol(1),114,0,CLEAN,Local LAN / Gateway Environment
9707,2026-08-06 14:27:27,N/A,N/A,0,IpNextHeaderProtocol(1),114,0,CLEAN,Local LAN / Gateway Environment
9706,2026-08-06 14:27:27,N/A,N/A,5353,UDP,86,0,CLEAN,Local LAN / Gateway Environment
9705,2026-08-06 14:27:27,N/A,N/A,5353,UDP,86,0,CLEAN,Local LAN / Gateway Environment
9704,2026-08-06 14:27:27,N/A,N/A,5353,UDP,86,0,CLEAN,Local LAN / Gateway Environment
9703,2026-08-06 14:27:27,N/A,N/A,0,IpNextHeaderProtocol(1),115,0,CLEAN,Local LAN / Gateway Environment
9702,2026-08-06 14:27:27,N/A,N/A,5353,UDP,87,0,CLEAN,Local LAN / Gateway Environment
9701,2026-08-06 14:27:27,N/A,N/A,443,TCP,66,0,CLEAN,External Host (Unknown)
9700,2026-08-06 14:27:27,N/A,N/A,39240,TCP,60,0,CLEAN,Local LAN / Gateway Environment
9699,2026-08-06 14:27:27,N/A,N/A,39240,TCP,66,0,CLEAN,Local LAN / Gateway Environment
9698,2026-08-06 14:27:27,N/A,N/A,135,TCP,66,0,CLEAN,Local LAN / Gateway Environment
9697,2026-08-06 14:27:27,N/A,N/A,50694,TCP,66,0,CLEAN,Local LAN / Gateway Environment
9696,2026-08-06 14:27:27,N/A,N/A,50694,TCP,66,0,CLEAN,Local LAN / Gateway Environment
9695,2026-08-06 14:27:27,N/A,N/A,5555,TCP,74,0,CLEAN,Local LAN / Gateway Environment
9694,2026-08-06 14:27:27,N/A,N/A,445,TCP,66,0,CLEAN,Local LAN / Gateway Environment
9693,2026-08-06 14:27:27,N/A,N/A,445,TCP,66,0,CLEAN,Local LAN / Gateway Environment
9692,2026-08-06 14:27:27,N/A,N/A,39240,TCP,74,0,CLEAN,Local LAN / Gateway Environment
9691,2026-08-06 14:27:27,N/A,N/A,445,TCP,74,0,CLEAN,Local LAN / Gateway Environment
9690,2026-08-06 14:27:27,N/A,N/A,135,TCP,66,0,CLEAN,Local LAN / Gateway Environment
9689,2026-08-06 14:27:27,N/A,N/A,135,TCP,66,0,CLEAN,Local LAN / Gateway Environment
9688,2026-08-06 14:27:27,N/A,N/A,50694,TCP,74,0,CLEAN,Local LAN / Gateway Environment
9687,2026-08-06 14:27:27,N/A,N/A,60176,TCP,60,0,CLEAN,Local LAN / Gateway Environment
9686,2026-08-06 14:27:27,N/A,N/A,60176,TCP,60,0,CLEAN,Local LAN / Gateway Environment
9685,2026-08-06 14:27:27,N/A,N/A,48016,TCP,60,0,CLEAN,Local LAN / Gateway Environment
9684,2026-08-06 14:27:27,N/A,N/A,5555,TCP,74,0,CLEAN,Local LAN / Gateway Environment
9683,2026-08-06 14:27:27,N/A,N/A,445,TCP,54,0,CLEAN,Local LAN / Gateway Environment
9682,2026-08-06 14:27:27,N/A,N/A,445,TCP,54,0,CLEAN,Local LAN / Gateway Environment
9681,2026-08-06 14:27:27,N/A,N/A,60176,TCP,66,0,CLEAN,Local LAN / Gateway Environment
9680,2026-08-06 14:27:23,N/A,N/A,5555,TCP,74,0,CLEAN,Local LAN / Gateway Environment
9679,2026-08-06 14:27:23,N/A,N/A,445,TCP,66,0,CLEAN,Local LAN / Gateway Environment
9678,2026-08-06 14:27:23,N/A,N/A,135,TCP,66,0,CLEAN,Local LAN / Gateway Environment
9677,2026-08-06 14:27:23,N/A,N/A,135,TCP,54,0,CLEAN,Local LAN / Gateway Environment
9676,2026-08-06 14:27:23,N/A,N/A,445,TCP,66,0,CLEAN,Local LAN / Gateway Environment
9675,2026-08-06 14:27:23,N/A,N/A,59748,TCP,66,0,CLEAN,Local LAN / Gateway Environment
9674,2026-08-06 14:27:23,N/A,N/A,44960,TCP,60,0,CLEAN,Local LAN / Gateway Environment
9673,2026-08-06 14:27:23,N/A,N/A,59748,TCP,66,0,CLEAN,Local LAN / Gateway Environment
9672,2026-08-06 14:27:23,N/A,N/A,48016,TCP,74,0,CLEAN,Local LAN / Gateway Environment
9671,2026-08-06 14:27:23,N/A,N/A,55894,TCP,60,0,CLEAN,Local LAN / Gateway Environment
9670,2026-08-06 14:27:23,N/A,N/A,55894,TCP,60,0,CLEAN,Local LAN / Gateway Environment
9669,2026-08-06 14:27:23,N/A,N/A,44960,TCP,60,0,CLEAN,Local LAN / Gateway Environment
9668,2026-08-06 14:27:23,N/A,N/A,445,TCP,74,0,CLEAN,Local LAN / Gateway Environment
9667,2026-08-06 14:27:23,N/A,N/A,445,TCP,74,0,CLEAN,Local LAN / Gateway Environment
9666,2026-08-06 14:27:23,N/A,N/A,5555,TCP,74,0,CLEAN,Local LAN / Gateway Environment
9665,2026-08-06 14:27:23,N/A,N/A,135,TCP,54,0,CLEAN,Local LAN / Gateway Environment
9664,2026-08-06 14:27:23,N/A,N/A,445,TCP,54,0,CLEAN,Local LAN / Gateway Environment
9663,2026-08-06 14:27:23,N/A,N/A,135,TCP,54,0,CLEAN,Local LAN / Gateway Environment
9662,2026-08-06 14:27:23,N/A,N/A,135,TCP,54,0,CLEAN,Local LAN / Gateway Environment
9661,2026-08-06 14:27:23,N/A,N/A,445,TCP,54,0,CLEAN,Local LAN / Gateway Environment
9660,2026-08-06 14:27:23,N/A,N/A,445,TCP,74,0,CLEAN,Local LAN / Gateway Environment
9659,2026-08-06 14:27:23,N/A,N/A,44960,TCP,66,0,CLEAN,Local LAN / Gateway Environment
9658,2026-08-06 14:27:23,N/A,N/A,58670,TCP,60,0,CLEAN,Local LAN / Gateway Environment
9657,2026-08-06 14:27:23,N/A,N/A,55894,TCP,66,0,CLEAN,Local LAN / Gateway Environment
9656,2026-08-06 14:27:23,N/A,N/A,58670,TCP,60,0,CLEAN,Local LAN / Gateway Environment
9655,2026-08-06 14:27:23,N/A,N/A,135,TCP,66,0,CLEAN,Local LAN / Gateway Environment
9654,2026-08-06 14:27:23,N/A,N/A,135,TCP,66,0,CLEAN,Local LAN / Gateway Environment
